-- phpMyAdmin SQL Dump
-- version 4.6.5.2
-- https://www.phpmyadmin.net/
--
-- Host: 127.0.0.1
-- Generation Time: Apr 14, 2017 at 02:51 PM
-- Server version: 10.1.21-MariaDB
-- PHP Version: 5.6.30

SET SQL_MODE = "NO_AUTO_VALUE_ON_ZERO";
SET time_zone = "+00:00";


/*!40101 SET @OLD_CHARACTER_SET_CLIENT=@@CHARACTER_SET_CLIENT */;
/*!40101 SET @OLD_CHARACTER_SET_RESULTS=@@CHARACTER_SET_RESULTS */;
/*!40101 SET @OLD_COLLATION_CONNECTION=@@COLLATION_CONNECTION */;
/*!40101 SET NAMES utf8mb4 */;

--
-- Database: `databasedvd`
--

-- --------------------------------------------------------

--
-- Table structure for table `actor`
--

CREATE TABLE `actor` (
  `id` bigint(20) NOT NULL,
  `first_name` varchar(255) DEFAULT NULL,
  `last_name` varchar(255) DEFAULT NULL
) ENGINE=InnoDB DEFAULT CHARSET=latin1;

--
-- Dumping data for table `actor`
--

INSERT INTO `actor` (`id`, `first_name`, `last_name`) VALUES
(1, 'Maria', 'Bello'),
(2, 'Monica', 'Bellucci'),
(3, 'Halle', 'Berry'),
(4, 'Lorraine', 'Bracco'),
(5, 'Amy', 'Brenneman'),
(7, 'George', 'Clooney'),
(8, 'Kevin', 'Costner'),
(9, 'Tom', 'Cruise'),
(10, 'Dana', 'Delany'),
(11, 'Andy', 'Garcia'),
(12, 'Richard', 'Gere'),
(13, 'Ashley', 'Judd'),
(14, 'Lisa', 'Ling'),
(15, 'Heath', 'Ledger'),
(16, 'Laura', 'Linney'),
(17, 'Matthew', 'McConaughey'),
(18, 'Elizabeth', 'Mitchell'),
(19, 'Lena', 'Olin'),
(20, 'Al', 'Pacino'),
(21, 'Brad', 'Pitt'),
(22, 'Natalie', 'Portman'),
(23, 'Julia', 'Roberts'),
(24, 'Elisabeth', 'Shue'),
(25, 'Meryl', 'Streep'),
(26, 'John', 'Travolta'),
(27, 'Lindsay', 'Wagner'),
(28, 'Paul', 'Walker'),
(29, 'Denzel', 'Washington'),
(30, 'Sigourney', 'Weaver'),
(31, 'Bruce', 'Willis'),
(32, 'Robin', 'Wright'),
(33, 'Evelyne ', 'Brochu');

-- --------------------------------------------------------

--
-- Table structure for table `dvd`
--

CREATE TABLE `dvd` (
  `id` bigint(20) NOT NULL,
  `bonus` bit(1) NOT NULL,
  `origin` varchar(255) DEFAULT NULL,
  `remarks` varchar(255) DEFAULT NULL,
  `title` varchar(255) NOT NULL,
  `year` int(11) NOT NULL
) ENGINE=InnoDB DEFAULT CHARSET=latin1;

--
-- Dumping data for table `dvd`
--

INSERT INTO `dvd` (`id`, `bonus`, `origin`, `remarks`, `title`, `year`) VALUES
(1, b'0', ' ', '  ', 'Lights Out', 2016),
(2, b'1', 'DVD', '  ', 'The Confirmation', 2016),
(3, b'1', 'DVD', '  ', 'The 5th Wave', 2016),
(4, b'1', 'DVD', '  ', 'Bravetown', 2015),
(5, b'1', 'DVD', '  ', 'Demonic ', 2015),
(6, b'1', 'DVDR', '  ', 'McFarland, USA', 2015),
(7, b'1', 'DVDR', '  ', 'Big Driver', 2014),
(8, b'1', 'DVD', '  ', 'Third Person', 2013),
(9, b'1', 'DVDR', '  ', 'Prisoners', 2013),
(10, b'1', 'DVD', '  ', 'Grown Ups 2', 2013),
(11, b'1', 'DVD', '  ', 'Carjacked', 2011),
(12, b'1', 'DVD', '  ', 'Abduction', 2011),
(13, b'1', 'DVD', '  ', 'Beautiful Boy', 2010),
(14, b'1', 'DVD', '  ', 'Grown Ups', 2010),
(15, b'1', 'DVD', '  ', 'The Company Men', 2010),
(16, b'1', 'DVD', '  ', 'The Private Lives of Pippa Lee', 2009),
(17, b'1', 'DVD', '  ', 'The Mummy: Tomb of the Dragon Emperor', 2008),
(18, b'1', 'DVD', 'NTSC Decrypted version available ', 'Downloading Nancy', 2008),
(19, b'1', 'DVD', 'NTSC Decrypted version available ', 'The Yellow Handkerchief', 2008),
(20, b'1', 'DVD', '  ', 'The Jane Austen Book Club', 2007),
(21, b'1', 'DVD', '  ', 'Towelhead', 2007),
(22, b'1', 'DVD', '  ', 'Shattered', 2007),
(23, b'1', 'DVD', '  ', 'Flicka', 2006),
(24, b'1', 'DVD', '2-DVDs ', 'World Trade Center', 2006),
(25, b'1', 'DVD', '  ', 'Thank You for Smoking', 2005),
(26, b'1', 'DVD', '  ', 'A History of Violence', 2005),
(27, b'1', 'DVD', '  ', 'The Dark', 2005),
(28, b'1', 'DVD', 'No dutch subtitles ', 'The Sisters', 2005),
(29, b'1', 'DVD', '  ', 'Assault on Precinct 13', 2005),
(30, b'1', 'DVDR', '  ', 'Silver City', 2004),
(31, b'1', 'DVD', '  ', 'Secret Window', 2004),
(32, b'1', 'DVD', '  ', 'The Cooler', 2003),
(33, b'1', 'DVD', '  ', '100 Mile Rule', 2002),
(34, b'1', 'DVD', '  ', 'Auto Focus', 2002),
(35, b'1', 'DVD', 'No dutch subtitles ', 'Duets', 2000),
(36, b'1', 'DVD', '  ', 'Coyote Ugly', 2000),
(37, b'1', 'DVD', '  ', 'Sam the Man', 2000),
(38, b'1', 'DVD', '  ', 'Payback', 1999),
(39, b'1', 'DVD', '  ', 'Permanent Midnight', 1998),
(40, b'1', 'DVD', ' ', 'The Brothers Grimm', 2005),
(41, b'1', 'DVD', ' ', 'She Hate Me', 2004),
(42, b'1', 'DVDR', ' ', 'The Passion of the Christ', 2004),
(43, b'1', 'TV', ' ', 'The Matrix Revolutions', 2003),
(44, b'1', 'TV', ' ', 'The Matrix Reloaded', 2003),
(45, b'1', 'DVD', ' ', 'Tears of the Sun', 2003),
(46, b'1', 'DVD', ' ', 'Irreversible ', 2002),
(47, b'1', 'DVD', ' ', 'Astérix & Obélix: Mission Cléopâtre', 2002),
(48, b'1', 'DVD', ' ', 'Brotherhood of the Wolf', 2001),
(49, b'1', 'DVD', ' ', 'Malèna', 2000),
(50, b'1', 'DVD', ' ', 'Under Suspicion', 2000),
(51, b'1', 'TV', ' ', 'L\'appartement', 1996),
(52, b'1', 'DVD', ' 2-DVD', 'Bram Stoker\'s Dracula', 1992),
(53, b'1', 'DVDR', ' ', 'The Call', 2013),
(54, b'1', 'DVDR', ' ', 'Dark Tide', 2012),
(55, b'1', 'DVDR', '', 'New Year\'s Eve', 2011),
(56, b'1', 'DVDR', ' ', 'Frankie and Alice', 2010),
(57, b'1', 'DVD ', ' ', 'Things We Lost in the Fire', 2007),
(58, b'1', 'DVD ', ' ', 'Perfect Stranger', 2007),
(59, b'1', 'DVD ', ' ', 'Their Eyes Were Watching God', 2005),
(60, b'1', 'TV ', ' ', 'Catwoman', 2004),
(61, b'1', 'TV ', ' ', 'Gothika', 2003),
(62, b'1', 'DVD ', '2-DVDs ', 'Die Another Day', 2002),
(63, b'1', 'DVD ', ' ', 'Monster\'s Ball', 2001),
(64, b'1', 'DVD ', ' ', 'Swordfish', 2001),
(65, b'1', 'TV ', ' ', 'Race the Sun', 1996),
(66, b'1', 'DVD ', ' ', 'Executive Decision', 1996),
(67, b'1', 'TV ', ' ', 'Boomerang', 1992),
(68, b'1', 'DVD ', ' ', 'The Last Boy Scout', 1991),
(69, b'1', 'DVD', ' ', 'Riding in Cars with Boys', 2001),
(70, b'1', 'DVD', 'No subtitles ', 'Custody of the Heart', 2000),
(71, b'1', 'DVD', ' ', 'Ladies Room', 1999),
(72, b'1', 'DVD', 'NTSC Decrypted version available ', 'Silent Cradle', 1997),
(73, b'1', 'DVD', 'No subtitles ', 'The Basketball Diaries', 1995),
(74, b'1', 'DVD', 'No subtitles ', 'Getting Gotti', 1994),
(75, b'1', 'DVD', 'NTSC Decrypted version available ', 'Being Human', 1994),
(76, b'1', 'DVD', 'NTSC Decrypted version available ', 'Traces of Red', 1992),
(77, b'1', 'DVD', ' ', 'Radio Flyer', 1992),
(78, b'1', 'DVDR', ' ', 'Medicine Man', 1992),
(79, b'1', 'DVDR', ' ', 'Switch', 1991),
(80, b'1', 'DVD', ' ', 'Talent for the Game', 1991),
(81, b'1', 'DVD', ' ', 'Goodfellas', 1990),
(82, b'1', 'DVD', 'No subtitles ', 'Up to Date', 1989),
(83, b'1', 'DVD', ' ', 'Someone to Watch Over Me', 1987),
(84, b'1', 'DVD', ' ', '88 Minutes', 2007),
(85, b'1', 'DVD', ' ', 'Nine Lives', 2005),
(86, b'1', 'DVD', ' ', 'Off the Map', 2003),
(87, b'1', 'DVD', ' ', 'Things You Can Tell Just by Looking at Her', 2000),
(88, b'1', 'DVD', 'No dutch subtitles', 'Your Friends & Neighbors', 1998),
(89, b'1', 'DVD', ' ', 'Lesser Prophets', 1997),
(90, b'1', 'DVD', ' ', 'Fear', 1996),
(91, b'1', 'DVD', ' ', 'Heat', 1995),
(92, b'1', 'DVD', ' ', 'Bye Bye Love', 1995),
(93, b'1', ' ', ' ', 'Money Monster', 2016),
(94, b'1', 'DVDR', ' ', 'Hail, Caesar!', 2016),
(95, b'1', 'DVDR ', ' ', 'Tomorrowland: A World Beyond', 2015),
(96, b'1', 'DVD', ' ', 'The Monuments Men', 2014),
(97, b'1', 'DVD', ' ', 'Gravity', 2013),
(98, b'1', 'DVD', ' ', 'The Descendants', 2011),
(99, b'1', 'DVD', ' ', 'The Ides of March', 2011),
(100, b'1', 'DVD', ' ', 'The American', 2010),
(101, b'1', 'DVDR', ' ', 'The Men Who Stare at Goats', 2009),
(102, b'1', 'DVD', ' ', 'Up in the Air', 2009),
(103, b'1', 'DVD', ' ', 'Burn After Reading', 2008),
(104, b'1', 'DVDR', ' ', 'Leatherheads', 2008),
(105, b'1', 'DVD', ' ', 'Michael Clayton', 2007),
(106, b'1', 'DVD', ' ', 'Ocean\'s Thirteen', 2007),
(107, b'1', 'DVD', ' ', 'The Good German', 2006),
(108, b'1', 'DVD', ' ', 'Syriana', 2005),
(109, b'1', 'DVD', ' ', 'Good Night, and Good Luck', 2005),
(110, b'1', 'DVD', '  ', 'Ocean\'s Twelve', 2004),
(111, b'1', 'DVD', '  ', 'Intolerable Cruelty', 2003),
(112, b'1', 'TELE2', ' ', 'Confessions of a Dangerous Mind', 2002),
(113, b'1', 'DVD', ' ', 'Solaris', 2002),
(114, b'1', 'DVD', ' ', 'Ocean\'s Eleven', 2001),
(115, b'1', 'DVD', ' ', 'The Perfect Storm', 2000),
(116, b'1', 'TV', ' ', 'Three Kings', 1999),
(117, b'1', 'DVDR', ' ', 'The Thin Red Line', 1998),
(118, b'1', 'DVDR', ' ', 'Out of Sight', 1998),
(119, b'1', 'DVD', ' ', 'The Peacemaker', 1997),
(120, b'1', 'DVD', ' ', 'One Fine Day', 1996),
(121, b'1', 'DVD', '2-disc special edition', 'From Dusk Till Dawn', 1996),
(122, b'1', 'DVDR', ' ', 'Red Surf', 1989),
(123, b'1', 'DVDR', ' ', 'Criminal', 2016),
(124, b'1', ' ', ' ', 'Black or White', 2014),
(125, b'1', ' ', ' ', 'Draft Day', 2014),
(126, b'1', 'DVD ', ' ', '3 Days to Kill', 2014),
(127, b'1', 'DVD ', ' ', 'Jack Ryan: Shadow Recruit', 2014),
(128, b'1', 'DVDR', ' ', 'Man of Steel', 2013),
(129, b'1', 'DVDR', ' ', 'The New Daughter', 2009),
(130, b'1', 'DVD ', ' ', 'Swing Vote', 2008),
(131, b'1', 'DVDR', ' ', 'Mr. Brooks', 2007),
(132, b'1', 'DVDR', ' ', 'The Guardian', 2006),
(133, b'1', 'TV ', ' ', 'Rumor Has It...', 2005),
(134, b'1', 'DVDR', ' ', 'The Upside of Anger', 2005),
(135, b'1', 'DVDR', ' ', 'Open Range', 2003),
(136, b'1', 'DVD ', ' ', 'Dragonfly', 2002),
(137, b'1', 'DVDR', ' ', '3000 Miles to Graceland', 2001),
(138, b'1', 'TV ', ' ', 'Thirteen Days', 2000),
(139, b'1', 'TV ', ' ', 'Play It to the Bone', 1999),
(140, b'1', ' ', '   ', 'For Love of the Game', 1999),
(141, b'1', 'DVDR', ' ', 'Message in a Bottle', 1999),
(142, b'1', ' ', ' ', 'The Postman', 1997),
(143, b'1', 'TV ', ' ', 'Tin Cup', 1996),
(144, b'1', 'DVDR', ' ', 'Waterworld', 1995),
(145, b'1', 'DVDR', ' ', 'The War', 1994),
(146, b'1', 'DVDR', ' ', 'Wyatt Earp', 1994),
(147, b'1', 'DVDR', ' ', 'A Perfect World', 1993),
(148, b'1', 'DVDR', ' ', 'The Bodyguard', 1992),
(149, b'1', 'DVDR', ' ', 'JFK', 1991),
(150, b'1', 'DVDR', '', 'Robin Hood: Prince of Thieves', 1991),
(151, b'1', 'DVD ', '3-DVDs ', 'Dances with Wolves', 1990),
(152, b'1', 'DVDR', ' ', 'Revenge', 1990),
(153, b'1', 'DVDR', ' ', 'Field of Dreams', 1989),
(154, b'1', ' ', ' ', 'The Gunrunner', 1989),
(155, b'1', 'TV ', ' ', 'Bull Durham', 1988),
(156, b'1', 'DVDR', ' ', 'No Way Out', 1987),
(157, b'1', ' ', ' ', 'The Untouchables', 1987),
(158, b'1', ' ', ' ', 'Shadows Run Black', 1986),
(159, b'1', ' ', ' ', 'American Flyers', 1985),
(160, b'1', 'DVDR', ' ', 'Silverado', 1985),
(161, b'1', ' ', ' ', 'Fandango', 1985),
(162, b'1', ' ', ' ', 'Testament', 1983),
(163, b'1', ' ', ' ', 'Stacy\'s Knights', 1983),
(164, b'1', ' ', ' ', 'Table for Five', 1983),
(165, b'1', ' ', ' ', 'Chasing Dreams', 1982),
(166, b'1', 'DVD', ' ', 'Mission: Impossible - Rogue Nation', 2015),
(167, b'1', 'DVD', ' ', 'Edge of Tomorrow', 2014),
(168, b'1', 'DVD', ' ', 'Oblivion', 2013),
(169, b'1', 'DVD', ' ', 'Jack Reacher', 2012),
(170, b'1', 'DVD', ' ', 'Rock of Ages', 2012),
(171, b'1', 'DVD', ' ', 'Mission: Impossible - Ghost Protocol', 2011),
(172, b'1', 'DVD', ' ', 'Knight and Day', 2010),
(173, b'1', 'DVD', ' ', 'Valkyrie', 2008),
(174, b'1', 'DVD', ' ', 'Lions for Lambs', 2007),
(175, b'1', 'DVD', ' ', 'Mission: Impossible III', 2006),
(176, b'1', 'DVD', '2-DVDs', 'War of the Worlds', 2005),
(177, b'1', 'DVD', '2-DVDs', 'Collateral', 2004),
(178, b'1', 'DVD', '2-DVDs', 'The Last Samurai', 2003),
(179, b'1', 'DVD', '2-DVDs', 'Minority Report', 2002),
(180, b'1', 'DVD', ' ', 'Vanilla Sky', 2001),
(181, b'1', 'DVD', ' ', 'Mission: Impossible II', 2000),
(182, b'1', 'DVD', ' ', 'Magnolia', 1999),
(183, b'0', 'DVD', ' ', 'Eyes Wide Shut', 1999),
(184, b'1', 'DVD', ' ', 'Jerry Maguire', 1996),
(185, b'1', 'DVD', ' ', 'Mission: Impossible', 1996),
(186, b'1', 'DVD', ' ', 'Interview with the Vampire', 1994),
(187, b'1', 'DVD', ' ', 'The Firm', 1993),
(188, b'1', 'DVD', ' ', 'A Few Good Men', 1992),
(189, b'1', 'DVD', ' ', 'Far and Away', 1992),
(190, b'1', 'DVD', ' ', 'Days of Thunder', 1990),
(191, b'1', 'DVD', ' ', 'Born on the Fourth of July', 1989),
(192, b'1', 'DVD', ' ', 'Rain Man', 1988),
(193, b'1', 'DVD', ' ', 'Cocktail', 1988),
(194, b'1', 'DVD', ' ', 'The Color of Money', 1986),
(195, b'1', 'DVD', ' ', 'Top Gun', 1986),
(196, b'1', 'TV', ' ', 'Legend', 1985),
(197, b'1', 'TV', ' ', 'All the Right Moves', 1983),
(198, b'1', 'DVD', ' ', 'Risky Business', 1983),
(199, b'1', 'DVD', ' ', 'The Outsiders', 1983),
(200, b'1', 'DVD', ' ', 'Taps', 1981),
(201, b'1', ' ', ' ', 'What About Love', 2017),
(202, b'1', ' ', ' ', 'Kill the Messenger', 2014),
(203, b'1', 'DVDR', ' ', 'Let\'s Be Cops', 2014),
(204, b'1', ' ', ' ', 'At Middleton', 2013),
(205, b'1', ' ', ' ', 'Open Road', 2013),
(206, b'1', ' ', ' ', 'For Greater Glory: The True Story of Cristiada', 2012),
(207, b'1', 'DVDR', ' ', '5 Days of War', 2011),
(208, b'1', 'DVDR', ' ', 'City Island', 2009),
(209, b'1', 'DVDR', ' ', 'New York, I Love You', 2009),
(210, b'1', 'DVDR', ' ', 'La Linea - The Line', 2009),
(211, b'1', 'DVDR', ' ', 'The Air I Breathe', 2007),
(212, b'1', 'DVDR', ' ', 'Smokin\' Aces', 2006),
(213, b'1', 'DVD', ' ', 'The Lost City', 2005),
(214, b'1', 'DVD', ' ', 'Modigliani', 2004),
(215, b'1', 'DVDR', ' ', 'The Lazarus Child', 2004),
(216, b'1', 'DVD', ' ', 'Twisted', 2004),
(217, b'1', 'TELE2', ' ', 'The Man from Elysian Fields', 2001),
(218, b'1', 'TV', ' ', 'The Unsaid', 2001),
(219, b'1', 'TELE2', ' ', 'Just the Ticket', 1999),
(220, b'1', 'TV', ' ', 'Desperate Measures', 1998),
(221, b'1', 'DVD', 'Extra features available on the english version', 'Night Falls on Manhattan', 1996),
(222, b'1', 'TV', ' ', 'Things to Do in Denver When You\'re Dead', 1995),
(223, b'1', 'TV', ' ', 'When a Man Loves a Woman', 1994),
(224, b'1', 'DVD', ' ', 'Jennifer 8', 1992),
(225, b'1', 'TV', ' ', 'Dead Again', 1991),
(226, b'1', 'DVD', ' ', 'The Godfather: Part III', 1990),
(227, b'1', 'DVD', ' ', 'A Show of Force', 1990),
(228, b'1', 'DVD', ' ', 'Internal Affairs', 1990),
(229, b'1', 'TV', ' ', 'Black Rain', 1989),
(230, b'1', 'DVD', ' ', 'Blood Money', 1988),
(231, b'1', 'DVD', ' ', 'The Benefactor', 2015),
(232, b'1', 'DVD', ' ', 'The Second Best Exotic Marigold Hotel', 2015),
(233, b'1', 'DVD', 'No subtitles', 'Time Out of Mind', 2014),
(234, b'1', ' ', ' ', 'Movie 43', 2013),
(235, b'1', 'DVD', ' ', 'Arbitrage', 2012),
(236, b'1', 'DVD', ' ', 'The Double', 2011),
(237, b'1', 'DVD', ' ', 'Amelia', 2009),
(238, b'1', 'DVD', ' ', 'Hachi: A Dog\'s Tale', 2009),
(239, b'1', 'DVD', ' ', 'Brooklyn\'s Finest', 2009),
(240, b'1', 'DVD', ' ', 'Nights in Rodanthe', 2008),
(241, b'1', 'DVD', ' ', 'I\'m Not There', 2007),
(242, b'1', 'DVD', ' ', 'The Hunting Party', 2007),
(243, b'1', 'DVD', ' ', 'The Flock', 2007),
(244, b'1', 'DVD', ' ', 'The Hoax', 2006),
(245, b'1', 'DVD', ' ', 'Bee Season', 2005),
(246, b'1', 'DVD', ' ', 'Shall We Dance', 2004),
(247, b'1', 'DVD', 'Bonus DVDR ', 'Chicago', 2002),
(248, b'1', 'DVD', ' ', 'Unfaithful', 2002),
(249, b'1', 'DVD', '2-DVDs ', 'The Mothman Prophecies', 2002),
(250, b'1', 'DVD', ' ', 'Dr. T & the Women', 2000),
(251, b'1', 'DVD', ' ', 'Autumn in New York', 2000),
(252, b'1', 'DVD', ' ', 'Runaway Bride', 1999),
(254, b'1', 'DVD', ' ', 'Red Corner', 1997),
(255, b'1', 'DVD', ' ', 'Primal Fear', 1996),
(256, b'1', 'DVD', ' ', 'First Knight', 1995),
(257, b'1', 'DVD', ' ', 'Intersection', 1994),
(258, b'1', 'DVD', ' ', 'Mr. Jones', 1993),
(259, b'1', 'DVD', ' ', 'Sommersby', 1993),
(260, b'1', 'DVD', ' ', 'Final Analysis', 1992),
(261, b'1', 'DVD', ' ', 'Rhapsody in August', 1991),
(262, b'1', 'DVD', ' ', 'Pretty Woman', 1990),
(263, b'1', 'DVD', ' ', 'Miles from Home', 1988),
(264, b'1', 'DVD', ' ', 'No Mercy', 1986),
(265, b'1', ' ', 'Itunes', 'Power', 1986),
(266, b'1', 'DVD', ' ', 'The Cotton Club', 1984),
(267, b'1', 'DVD', ' ', 'Breathless', 1983),
(268, b'1', 'DVD', ' ', 'An Officer and a Gentleman', 1982),
(269, b'1', 'DVD', ' ', 'American Gigolo', 1980),
(270, b'1', 'DVD', ' ', 'Yanks', 1979),
(271, b'1', 'DVDR', ' ', 'Days of Heaven', 1978),
(272, b'1', ' ', ' ', 'Allegiant', 2016),
(273, b'1', ' ', '	', 'Insurgent', 2015),
(274, b'1', ' ', '	', 'Big Stone Gap', 2014),
(275, b'1', ' ', ' ', 'Dolphin Tale 2', 2014),
(276, b'1', ' ', ' ', 'The Identical', 2014),
(277, b'1', 'DVD', '	', 'Divergent', 2014),
(278, b'1', 'DVDR', ' ', 'Missing', 2012),
(279, b'1', 'DVD', '	', 'Dolphin Tale', 2011),
(280, b'1', 'DVDR', ' ', 'Flypaper', 2011),
(281, b'1', 'DVD', '	', 'Tooth Fairy', 2010),
(282, b'1', 'DVD', ' ', 'Crossing Over', 2009),
(283, b'1', 'DVDR', ' ', 'Helen', 2009),
(284, b'1', 'DVD', '	', 'Bug', 2006),
(285, b'1', 'DVD', 'No subtitles', 'Come Early Morning', 2006),
(286, b'1', 'DVD', 'Contains soundtrack CD', 'De-Lovely', 2004),
(287, b'1', 'DVD', '		 ', 'Frida', 2002),
(288, b'1', 'DVD', ' ', 'Divine Secrets of the Ya-Ya Sisterhood', 2002),
(289, b'1', 'DVD', '	', 'High Crimes', 2002),
(290, b'1', 'DVD', ' ', 'Someone Like You...', 2001),
(291, b'1', 'DVD', ' ', 'Where the Heart Is', 2000),
(292, b'1', 'DVD', ' ', 'Double Jeopardy', 1999),
(293, b'1', 'DVD', ' ', 'Eye of the Beholder', 1999),
(294, b'1', 'DVD', ' ', 'Simon Birch', 1998),
(295, b'1', 'DVD', ' ', 'Kiss the Girls', 1997),
(296, b'1', 'DVD', 'NTSC	Decrypted version available', 'The Locusts', 1997),
(297, b'1', 'DVD', 'NTSC	Decrypted version available', 'Normal Life', 1996),
(298, b'1', 'DVD', ' ', 'A Time to Kill', 1996),
(299, b'1', 'DVD', ' ', 'Norma Jean & Marilyn', 1996),
(300, b'1', 'DVD', ' ', 'Smoke', 1995),
(301, b'1', 'DVD', ' ', 'The Passion of Darkly Noon', 1995),
(302, b'1', 'DVD', 'Spaans', 'Ruby in Paradise', 1993),
(303, b'1', 'DVD', 'NTSC	Decrypted version available', 'Kuffs', 1992),
(304, b'1', 'DVD', 'NTSC CNN	 ', 'Planet in Peril: Battle Lines', 2009),
(305, b'1', 'DVD', 'NTSC National Geographic', 'Inside North Korea', 2006),
(306, b'1', 'DVD', 'NTSC National Geographic', 'World\'s Most Dangerous Gang', 2006),
(307, b'1', 'DVD', 'NTSC National Geographic', 'World\'s Most Dangerous Drug', 2006),
(308, b'1', 'DVD', 'NTSC National Geographic', 'China\'s Lost Girls', 2005),
(309, b'1', 'DVD', 'NTSC National Geographic', 'The Best of Lisa Ling', 2005),
(310, b'1', 'DVDR', ' ', 'The Imaginarium of Doctor Parnassu', 2009),
(311, b'1', 'DVDR', ' ', 'The Dark Knight', 2008),
(312, b'1', 'DVD ', ' ', 'Candy', 2006),
(313, b'1', 'DVD ', ' ', 'Casanova', 2005),
(314, b'1', 'DVD ', '2-DVDs', 'Brokeback Mountain', 2005),
(315, b'1', 'DVD ', ' ', 'Lords of Dogtown', 2005),
(316, b'1', 'DVD ', ' ', 'The Order', 2003),
(317, b'1', ' ', ' ', 'The Four Feathers', 2002),
(318, b'1', 'DVD ', ' ', 'A Knight\'s Tale', 2001),
(319, b'1', 'DVDR', ' ', 'The Patriot', 2000),
(320, b'1', 'DVDR', ' ', 'Two Hands', 1999),
(321, b'1', 'TV ', ' ', '10 Things I Hate About You', 1999),
(322, b'1', 'TV ', ' ', 'Paws', 1997),
(323, b'1', 'DVDR', ' ', 'The Life of David Gale', 2003),
(324, b'1', ' ', ' ', 'The Laramie Project', 2002),
(325, b'1', ' ', ' ', 'Wild Iris', 2001),
(326, b'1', ' ', ' ', 'The House of Mirth', 2000),
(327, b'1', 'DVDR', ' ', 'You Can Count on Me', 2000),
(328, b'1', ' ', ' ', 'Maze', 2000),
(329, b'1', ' ', ' ', 'Running Mates', 2001),
(330, b'1', ' ', ' ', 'Lush', 1999),
(331, b'1', 'DVDR', ' ', 'The Truman Show', 1998),
(332, b'1', 'DVDR', ' ', 'Absolute Power', 1997),
(333, b'1', 'DVD', ' ', 'Congo', 1995),
(334, b'1', ' ', ' ', 'A Simple Twist of Fate', 1994),
(335, b'1', ' ', ' ', 'Searching for Bobby Fischer', 1993),
(336, b'1', 'DVD', ' ', 'Dave', 1993),
(337, b'1', 'DVDR', ' ', 'Lorenzo\'s Oil', 1992),
(338, b'1', ' ', ' ', 'Free State of Jones', 2016),
(339, b'1', ' ', ' ', 'Interstellar', 2014),
(340, b'1', ' ', ' ', 'Dallas Buyers Club', 2013),
(341, b'1', 'DVD ', ' ', 'Mud', 2012),
(342, b'1', 'DVDR ', ' ', 'Magic Mike', 2012),
(343, b'1', 'DVDR ', ' ', 'Killer Joe', 2011),
(344, b'1', 'DVD ', ' ', 'Bernie', 2011),
(345, b'1', 'DVDR ', ' ', 'The Lincoln Lawyer', 2011),
(346, b'1', 'DVDR ', ' ', 'Ghosts of Girlfriends Past', 2009),
(347, b'1', 'DVDR ', ' ', 'Surfer, Dude', 2008),
(348, b'1', 'DVDR ', ' ', 'Fool\'s Gold', 2008),
(349, b'1', 'DVDR ', ' ', 'We Are Marshall', 2006),
(350, b'1', 'TV ', ' ', 'Failure to Launch', 2006),
(351, b'1', 'DVD ', ' ', 'Two for the Money', 2005),
(352, b'1', 'DVDR ', ' ', 'Sahara', 2005),
(353, b'1', 'TV ', ' ', 'How to Lose a Guy in 10 Days', 2003),
(354, b'1', 'DVDR ', ' ', 'Frailty', 2001),
(355, b'1', 'DVD ', ' ', 'The Wedding Planner', 2001),
(356, b'1', 'TV ', ' ', 'U-571', 2000),
(357, b'1', 'TV ', ' ', 'Edtv', 1999),
(358, b'1', 'DVDR ', ' ', 'The Newton Boys', 1998),
(359, b'1', 'DVD ', ' ', 'Amistad', 1997),
(360, b'1', 'DVDR', ' ', 'The Purge: Election Year', 2016),
(361, b'1', ' ', ' ', 'Prosecuting Casey Anthony', 2013),
(362, b'1', 'DVD', ' ', 'Running Scared', 2006),
(363, b'1', 'DVD', '2-DVDs, NTSC', '3: The Dale Earnhardt Story', 2004),
(364, b'1', 'DVD', ' ', 'The Santa Clause 2', 2002),
(365, b'1', 'DVD', ' ', 'Man and Boy', 2002),
(366, b'1', 'DVD', ' ', 'Double Bang', 2001),
(367, b'1', 'DVD', ' ', 'Hollywood Palms', 2001),
(368, b'1', 'TV', ' ', 'The Linda McCartney Story', 2000),
(369, b'1', 'DVD', ' ', 'Nurse Betty', 2000),
(370, b'1', 'DVD', ' ', 'Frequency', 2000),
(371, b'1', 'DVD', ' ', 'Molly', 1999),
(372, b'1', 'DVD', '2-DVDs ', 'Significant Others', 1998),
(373, b'1', 'DVD', ' ', 'Gia', 1998),
(374, b'1', ' ', ' ', 'The Devil You Know', 2013),
(375, b'1', 'DVD', ' ', 'Night Train to Lisbon', 2013),
(376, b'1', ' ', ' ', 'Grounded', 2013),
(377, b'1', 'DVD', ' ', 'The hypnotist', 2012),
(378, b'1', 'DVD', ' ', 'Remember Me', 2010),
(380, b'1', 'DVD', '2-DVD ', 'The Reader', 2008),
(381, b'1', 'DVD', ' ', 'Awake', 2007),
(382, b'1', 'DVD', ' ', 'Hollywood Homicide', 2003),
(383, b'1', 'DVD', ' ', 'The United States of Leland', 2003),
(384, b'1', 'DVD', ' ', 'Darkness', 2002),
(385, b'1', 'DVD', ' ', 'Queen of the Damned', 2002),
(386, b'1', 'DVD', ' ', 'Hamilton', 1998),
(387, b'1', 'DVD', ' ', 'Ignition', 2001),
(388, b'1', 'DVD', ' ', 'Chocolat', 2000),
(389, b'1', 'DVD', ' ', 'The Ninth Gate', 1999),
(390, b'1', 'DVD', ' ', 'Mystery Men', 1999),
(391, b'1', 'DVD', ' ', 'Polish Wedding', 1998),
(392, b'1', 'DVD', 'NTSC ', 'The Night and the Moment', 1995),
(393, b'1', 'DVD', 'No dutch subtitles ', 'Romeo Is Bleeding', 1993),
(394, b'1', 'DVD', ' ', 'Havana', 1990),
(395, b'1', 'DVD', ' ', 'The Unbearable Lightness of Being', 1988),
(396, b'1', 'DVD', ' ', 'After the Rehearsal', 1984),
(397, b'1', 'VIDEO', ' ', 'Fanny and Alexander', 1982),
(398, b'1', 'DVD', ' ', 'Misconduct', 2016),
(399, b'1', 'DVD', ' ', 'Danny Collins', 2015),
(400, b'1', 'DVD', ' ', 'Manglehorn', 2014),
(401, b'1', ' ', ' ', 'The Humbling', 2014),
(402, b'1', ' ', ' ', 'Salomé', 2013),
(403, b'1', ' ', ' ', 'Phil Spector', 2013),
(404, b'1', ' ', ' ', 'Stand Up Guys', 2012),
(405, b'1', ' ', ' ', 'Jack and Jill', 2011),
(406, b'1', 'DVD', ' ', 'The Son of No One', 2011),
(407, b'1', 'DVDR', ' ', 'You Don\'t Know Jack', 2010),
(408, b'1', 'DVD', '2-DVD', 'Righteous Kill', 2008),
(409, b'1', 'DVD', ' ', 'The Merchant of Venice', 2004),
(410, b'1', 'DVD', '2-DVD', 'Angels in America', 2003),
(411, b'1', 'DVDR', ' ', 'Gigli', 2003),
(412, b'1', 'DVD', ' ', 'The Recruit', 2003),
(413, b'1', 'DVD', ' ', 'S1m0ne', 2002),
(414, b'1', 'DVD', ' ', 'Insomnia', 2002),
(415, b'1', 'DVD', ' ', 'People I Know', 2002),
(416, b'1', 'DVDR', ' ', 'Any Given Sunday', 1999),
(417, b'1', 'DVD', ' ', 'The Insider', 1999),
(418, b'1', 'DVD', ' ', 'The Devil\'s Advocate', 1997),
(419, b'1', 'DVD', ' ', 'Donnie Brasco', 1997),
(420, b'1', 'DVDR', ' ', 'City Hall', 1996),
(421, b'1', 'DVD', ' ', 'Two Bits', 1995),
(422, b'1', 'DVDR', ' ', 'Carlito\'s Way', 1993),
(423, b'1', 'DVDR', ' ', 'Scent of a Woman', 1992),
(424, b'1', 'DVDR', ' ', 'Glengarry Glen Ross', 1992),
(425, b'1', 'DVD', ' ', 'Frankie and Johnny', 1991),
(426, b'1', 'DVDR', ' ', 'Dick Tracy', 1990),
(427, b'1', 'DVDR', ' ', 'Sea of Love', 1989),
(428, b'1', 'DVDR', ' ', 'Revolution', 1985),
(429, b'1', 'DVD', ' ', 'Scarface', 1983),
(430, b'1', 'DVDR', ' ', 'Cruising', 1980),
(431, b'1', 'DVDR', ' ', '...And Justice for All', 1979),
(432, b'1', 'DVDR', 'english', 'Bobby Deerfield', 1977),
(433, b'1', 'DVDR', ' ', 'Dog Day Afternoon', 1975),
(434, b'1', 'DVD', ' ', 'The Godfather: Part II', 1974),
(435, b'1', 'DVD', ' ', 'Serpico', 1973),
(436, b'1', 'DVDR', ' ', 'Scarecrow', 1973),
(437, b'1', 'DVD', ' ', 'The Godfather', 1972),
(438, b'1', 'DVDR', ' ', 'The Panic in Needle Park', 1971),
(439, b'1', 'DVD', ' ', 'The Big Short', 2015),
(440, b'1', 'DVD', ' ', 'By The Sea', 2015),
(441, b'1', 'DVD', ' ', 'Fury', 2014),
(442, b'1', 'DVD', ' ', 'The Counsellor', 2013),
(443, b'1', 'DVD', ' ', '12 Years a Slave', 2013),
(444, b'1', 'DVD', ' ', 'World War Z', 2013),
(445, b'1', 'DVD', ' ', 'Killing them softly', 2012),
(446, b'1', 'DVD', ' ', 'Moneyball', 2011),
(447, b'1', 'DVD', ' ', 'The Tree of Life', 2011),
(448, b'1', 'DVD', ' ', 'Inglourious Basterds', 2009),
(449, b'1', 'DVD', '2-DVDs ', 'The Curious Case of Benjamin Button', 2008),
(450, b'1', 'DVD', ' ', 'The Assassination of Jesse James by the Coward Robert Ford', 2007),
(451, b'1', 'DVD', ' ', 'Babel', 2006),
(452, b'1', 'DVD', '2-DVDs ', 'Mr. & Mrs. Smith', 2005),
(453, b'1', 'DVD', '2-DVDs ', 'Troy', 2004),
(454, b'1', 'TV', ' ', 'Sinbad: Legend of the Seven Seas', 2003),
(455, b'1', 'DVD', ' ', 'Full Frontal', 2002),
(456, b'1', 'DVD', ' ', 'Spy Game', 2001),
(457, b'1', 'DVD', ' ', 'The Mexican', 2001),
(458, b'1', 'DVD', '2-DVDs ', 'Snatch', 2001),
(459, b'1', 'DVD', '2-DVDs ', 'Fight Club', 1999),
(460, b'1', 'DVD', ' ', 'Meet Joe Black', 1998),
(461, b'1', 'DVD', ' ', 'The Dark Side of the Sun', 1997),
(462, b'1', 'DVD', ' ', 'Seven Years in Tibet', 1997),
(463, b'1', 'DVD', ' ', 'The Devil\'s Own', 1997),
(464, b'1', 'DVD', ' ', 'Sleepers', 1996),
(465, b'1', 'DVD', ' ', 'Twelve Monkeys', 1995),
(466, b'1', 'DVD', '2-DVDs ', 'Se7en', 1995),
(467, b'1', 'DVD', ' ', 'Legends of the Fall', 1994),
(468, b'1', 'DVD', ' ', 'True Romance', 1993),
(469, b'1', 'DVD', ' ', 'Kalifornia', 1993),
(470, b'1', 'DVD', ' ', 'A River Runs Through It', 1992),
(471, b'1', 'DVD', ' ', 'Thelma & Louise', 1991),
(472, b'1', 'DVD', 'No dutch subtitles ', 'Across the Tracks', 1991),
(473, b'1', 'DVD', 'No dutch subtitles, EXHD wel subtitle', 'Too Young to Die?', 1990),
(474, b'1', 'DVD', ' ', 'Cutting Class', 1989),
(475, b'1', ' ', ' ', 'Jane Got a Gun', 2016),
(476, b'1', ' ', ' ', 'Knight of Cups', 2015),
(477, b'1', ' ', ' ', 'The Heyday of the Insensitive Bastards', 2014),
(478, b'1', ' ', ' ', 'Thor: The Dark World', 2013),
(479, b'1', 'DVDR', ' ', 'Thor', 2011),
(480, b'1', 'DVDR', ' ', 'Your Highness', 2011),
(481, b'1', 'DVDR', ' ', 'No Strings Attached', 2011),
(482, b'1', 'DVDR', ' ', 'Black Swan', 2010),
(483, b'1', 'DVDR', ' ', 'Hesher', 2010),
(484, b'1', 'DVDR', ' ', 'Brothers', 2009),
(485, b'1', 'DVDR', ' ', 'Love and Other Impossible Pursuits', 2009),
(486, b'1', 'DVDR', ' ', 'The Other Boleyn Girl', 2007),
(487, b'1', 'DVDR', ' ', 'Mr. Magorium\'s Wonder Emporium', 2007),
(488, b'1', 'DVDR', ' ', 'The Darjeeling Limited', 2007),
(489, b'1', ' ', 'No subtitles', 'My Blueberry Nights', 2007),
(490, b'1', ' ', ' ', 'Goya\'s Ghosts', 2006),
(491, b'1', 'DVDR', ' ', 'Paris, je t\'aime', 2006),
(492, b'1', 'DVDR', ' ', 'V for Vendetta', 2005),
(493, b'1', ' ', ' ', 'Free Zone', 2005),
(494, b'1', 'DVDR', ' ', 'Star Wars: Episode III - Revenge of the Sith', 2005),
(495, b'1', ' ', ' ', 'Domino One', 2005),
(496, b'1', 'DVDR', ' ', 'Closer', 2004),
(497, b'1', 'DVDR', ' ', 'Garden State', 2004),
(498, b'1', ' ', ' ', 'Cold Mountain', 2002),
(499, b'1', 'DVDR', ' ', 'Star Wars: Episode II - Attack of the Clones', 2002),
(500, b'1', 'DVDR', ' ', 'Anywhere But Here', 1999),
(501, b'1', 'DVDR', ' ', 'Star Wars: Episode I - The Phantom Menace', 1999),
(502, b'1', ' ', ' ', 'Mars Attacks!', 1996),
(503, b'1', 'DVDR', ' ', 'Everyone Says I Love You', 1996),
(504, b'1', 'DVDR', ' ', 'Beautiful Girls', 1996),
(505, b'1', 'DVDR', ' ', 'Léon The Professional', 1994),
(506, b'1', ' ', ' ', 'Mother\'s Day', 2016),
(507, b'1', ' ', ' ', 'The Normal Heart', 2014),
(508, b'1', 'DVD', ' ', 'August: Osage County', 2013),
(509, b'1', 'DVDR', ' ', 'Larry Crowne', 2011),
(510, b'1', 'DVDR', ' ', 'Valentine\'s Day', 2010),
(511, b'1', 'DVD', ' ', 'Eat Pray Love', 2010),
(512, b'1', 'DVDR', ' ', 'Duplicity', 2009),
(513, b'1', 'DVDR', ' ', 'Fireflies In The Garden', 2008),
(514, b'1', 'DVDR', ' ', 'Charlie Wilson\'s War', 2007),
(515, b'1', 'DVDR', ' ', 'The Ant Bully', 2006),
(516, b'1', 'DVDR', ' ', 'Mona Lisa Smile', 2003),
(517, b'1', 'DVDR', ' ', 'America\'s Sweethearts', 2001),
(518, b'1', 'DVD', ' ', 'Erin Brockovich', 2000),
(519, b'1', 'DVDR', ' ', 'Notting Hill', 1999),
(520, b'1', 'DVDR', ' ', 'Stepmom', 1998),
(521, b'1', 'DVD ', ' ', 'Conspiracy Theory', 1997),
(522, b'1', ' ', ' ', 'My Best Friend\'s Wedding', 1997),
(523, b'1', ' ', ' ', 'Michael Collins', 1996),
(524, b'1', ' ', ' ', 'Something to Talk About', 1995),
(525, b'1', 'DVDR', ' ', 'I Love Trouble', 1994),
(526, b'1', 'DVD', ' ', 'The Pelican Brief', 1993),
(527, b'1', 'DVDR', ' ', 'Sleeping with the Enemy', 1991),
(528, b'1', 'DVDR', ' ', 'Dying Young', 1991),
(529, b'1', 'DVDR', ' ', 'Flatliners', 1990),
(530, b'1', 'DVDR', ' ', 'Mystic Pizza', 1988),
(531, b'1', 'DVD', ' ', 'Adore', 2013),
(532, b'1', 'DVDR', ' ', 'Rampart', 2011),
(533, b'1', 'DVDR', ' ', 'The Girl with the Dragon Tattoo', 2011),
(534, b'1', 'DVDR', ' ', 'The Conspirator', 2010),
(535, b'1', 'DVDR', ' ', 'State of Play', 2009),
(536, b'1', 'DVDR', ' ', 'What Just Happened', 2008),
(537, b'1', 'DVD', ' ', 'Breaking and Entering', 2006),
(538, b'1', 'DVDR', ' ', 'White Oleander', 2002),
(539, b'1', 'DVDR', ' ', 'The Last Castle', 2001),
(540, b'1', 'DVD', ' ', 'The Pledge', 2001),
(541, b'1', 'DVD', ' ', 'Unbreakable', 2000),
(542, b'1', 'DVDR', ' ', 'Hurlyburly', 1998),
(543, b'1', 'DVDR', ' ', 'She\'s So Lovely', 1997),
(544, b'1', 'DVD', ' ', 'The Crossing Guard', 1995),
(545, b'1', 'DVDR', ' ', 'Forrest Gump', 1994),
(546, b'1', 'DVDR', ' ', 'State of Grace', 1990),
(547, b'1', 'DVDR', ' ', 'The Prince', 2014),
(548, b'1', 'DVDR', ' ', 'Red 2', 2013),
(549, b'1', 'DVDR', ' ', 'A Good Day to Die Hard', 2013),
(550, b'1', 'DVDR', ' ', 'Looper', 2012),
(551, b'1', 'DVDR', ' ', 'Fire with Fire', 2012),
(552, b'1', 'DVDR', ' ', 'Lay the Favorite', 2012),
(553, b'1', 'DVDR', ' ', 'Moonrise Kingdom', 2012),
(554, b'1', 'DVD', ' ', 'The Cold Light of Day', 2012),
(555, b'1', 'DVDR', ' ', 'Catch .44', 2011),
(556, b'1', 'DVD', ' ', 'Setup', 2011),
(557, b'1', 'DVDR', ' ', 'Red', 2010),
(558, b'1', 'DVDR', ' ', 'The Expendables', 2010),
(559, b'1', 'DVDR', ' ', 'Cop Out', 2010),
(560, b'1', 'DVDR', ' ', 'Surrogates', 2009),
(561, b'1', 'DVDR', ' ', 'Planet Terror', 2007),
(562, b'1', 'TV', ' ', 'Live Free or Die Hard', 2007),
(563, b'1', 'DVD', ' ', '16 Blocks', 2006),
(564, b'1', 'DVDR', ' ', 'Lucky Number Slevin', 2006),
(565, b'1', 'DVD', ' ', 'Alpha Dog', 2006),
(566, b'1', 'DVDR', ' ', 'Sin City', 2005),
(567, b'1', 'DVD', ' ', 'Hostage', 2005),
(568, b'1', 'TV', ' ', 'The Whole Ten Yards', 2004),
(569, b'1', 'DVDR', ' ', 'Hart\'s War', 2002),
(570, b'1', 'DVD', ' ', 'Bandits', 2001),
(571, b'1', 'DVDR', ' ', 'The Kid', 2000),
(572, b'1', 'TV', ' ', 'The Story of Us', 1999),
(573, b'1', 'DVDR', ' ', 'The Sixth Sense', 1999),
(574, b'1', 'DVDR', ' ', 'Breakfast of Champions', 1999),
(575, b'1', 'DVD', ' ', 'The Siege', 1998),
(576, b'1', 'DVDR', ' ', 'Armageddon', 1998),
(577, b'1', 'TV', ' ', 'Mercury Rising', 1998),
(578, b'1', 'DVDR', ' ', 'The Fifth Element', 1997),
(579, b'1', 'TV', ' ', 'Last Man Standing', 1996),
(580, b'1', 'TV', ' ', 'Die Hard with a Vengeance', 1995),
(581, b'1', 'DVDR', ' ', 'Nobody\'s Fool', 1994),
(582, b'1', 'DVDR', ' ', 'Color of Night', 1994),
(583, b'1', 'TV', ' ', 'North', 1994),
(584, b'1', 'DVD', ' ', 'Pulp Fiction', 1994),
(585, b'1', 'DVDR', ' ', 'Striking Distance', 1993),
(586, b'1', 'TV', ' ', 'Hudson Hawk', 1991),
(587, b'1', 'DVDR', ' ', 'Mortal Thoughts', 1991),
(588, b'1', 'DVDR', ' ', 'The Bonfire of the Vanities', 1990),
(589, b'1', 'TV', ' ', 'Die Hard 2', 1990),
(590, b'1', 'TV', ' ', 'Die Hard', 1988),
(591, b'1', 'DVDR', ' ', 'Blind Date', 1987),
(592, b'1', ' ', ' ', 'Chappie', 2015),
(593, b'1', 'DVDR', ' ', 'Vamps', 2012),
(594, b'1', 'DVDR', ' ', 'Red Lights', 2012),
(595, b'1', 'DVDR', ' ', 'The Cabin in the Woods', 2011),
(596, b'1', 'DVDR', ' ', 'Paul', 2011),
(597, b'1', 'DVDR', ' ', 'Cedar Rapids', 2011),
(598, b'1', 'DVDR', ' ', 'You Again', 2010),
(599, b'1', 'DVDR', ' ', 'Crazy on the Outside', 2010),
(600, b'1', 'DVDR', ' ', 'Prayers for Bobby', 2009),
(601, b'1', 'DVDR', ' ', 'Avatar', 2009),
(602, b'1', 'DVD', ' ', 'Vantage Point', 2008),
(603, b'1', '- ', 'No substitles', 'Be Kind Rewind', 2008),
(604, b'1', 'DVDR', ' ', 'Baby Mama', 2008),
(605, b'1', ' ', ' ', 'The Girl in the Park', 2007),
(606, b'1', 'TV ', ' ', 'Infamous', 2006),
(607, b'1', ' ', 'avi-file ', 'The TV Set', 2006),
(608, b'1', 'DVD', ' ', 'Snow Cake', 2006),
(609, b'1', 'DVDR', ' ', 'The Village', 2004),
(610, b'1', 'DVD', ' ', 'Imaginary Heroes', 2004),
(611, b'1', ' ', ' ', 'Holes', 2003),
(612, b'1', 'DVD', ' ', 'The Guys', 2002),
(613, b'1', 'DVD', ' ', 'Heartbreakers', 2001),
(614, b'1', 'DVDR', ' ', 'Tadpole', 2000),
(615, b'1', 'DVDR', ' ', 'Galaxy Quest', 1999),
(616, b'1', 'DVD', ' ', 'A Map of the World', 1999),
(617, b'1', 'DVD', '2-DVDs', 'Alien: Resurrection', 1997),
(618, b'1', 'DVDR', ' ', 'Copycat', 1995),
(619, b'1', '- ', ' ', 'Jeffrey', 1995),
(620, b'1', 'DVD', ' ', 'Death and the Maiden', 1994),
(621, b'1', 'DVD', '2-DVDs ', 'Alien³', 1992),
(622, b'1', 'DVDR', ' ', '1492: Conquest of Paradise', 1992),
(623, b'1', 'DVDR', ' ', 'Ghostbusters II', 1989),
(624, b'1', 'DVDR', ' ', 'Working Girl', 1988),
(625, b'1', 'DVDR', ' ', 'Gorillas in the Mist', 1988),
(626, b'1', 'DVD', '2-DVDs', 'Aliens', 1986),
(627, b'1', 'DVDR', ' ', 'Ghostbusters', 1984),
(628, b'1', ' ', 'No substitles', 'Eyewitness', 1981),
(629, b'1', 'DVD', '2-DVDs', 'Alien', 1979),
(630, b'1', 'DVD', ' ', 'The Equalizer', 2014),
(631, b'1', 'DVD', ' ', '2 Guns', 2013),
(632, b'1', 'DVD', ' ', 'Flight', 2012),
(633, b'1', 'DVD', ' ', 'Safe House', 2012),
(634, b'1', 'DVD', ' ', 'Unstoppable', 2010),
(635, b'1', 'DVD', ' ', 'The Book of Eli', 2010),
(636, b'1', 'DVD', ' ', 'The Taking of Pelham 1 2 3', 2009),
(637, b'1', 'DVD', '2-DVDs', 'The Great Debaters', 2007),
(638, b'1', 'DVD', '3-DVDs', 'American Gangster', 2007),
(639, b'1', 'DVD', ' ', 'Deja Vu', 2006),
(640, b'1', 'DVD', ' ', 'Inside Man', 2006),
(641, b'1', 'DVD', ' ', 'The Manchurian Candidate', 2004),
(642, b'1', 'DVD', '2-DVDs', 'Man on Fire', 2004),
(643, b'1', 'DVD', ' ', 'Out of Time', 2003),
(644, b'1', 'DVD', ' ', 'Antwone Fisher', 2002),
(645, b'1', 'DVD', ' ', 'John Q', 2002),
(646, b'1', 'DVD', ' ', 'Training Day', 2001),
(647, b'1', 'DVD', ' ', 'Remember the Titans', 2000),
(648, b'1', 'DVD', ' ', 'The Hurricane', 1999),
(649, b'1', 'DVD', ' ', 'The Bone Collector', 1999),
(650, b'1', ' ', ' ', 'He Got Game', 1998),
(651, b'1', 'DVD', ' ', 'Fallen', 1998),
(652, b'1', 'TV ', ' ', 'The Preacher\'s Wife', 1996),
(653, b'1', 'DVD', ' ', 'Courage Under Fire', 1996),
(654, b'1', 'DVD', ' ', 'Devil in a Blue Dress', 1995),
(655, b'1', 'DVD', ' ', 'Virtuosity', 1995),
(656, b'1', 'DVD', ' ', 'Crimson Tide', 1995),
(657, b'1', 'DVD', '2-DVDs', 'Philadelphia', 1993),
(658, b'1', ' ', ' ', 'Much Ado About Nothing', 1993),
(659, b'1', 'DVD', ' ', 'Malcolm X', 1992),
(660, b'1', 'DVD', ' ', 'Ricochet', 1991),
(661, b'1', ' ', ' ', 'Mississippi Masala', 1991),
(662, b'1', 'DVD', '5-DVD Spike Lee', 'Mo Better Blues', 1990),
(663, b'1', ' ', ' ', 'Heart Condition', 1990),
(664, b'1', 'DVD', ' ', 'Glory', 1989),
(665, b'1', 'DVD', ' ', 'The Mighty Quinn', 1989),
(666, b'1', 'DVD', ' ', 'For Queen & Country', 1988),
(667, b'1', 'DVD', ' ', 'Cry Freedom', 1987),
(668, b'1', ' ', ' ', 'The George McKenna Story', 1986),
(669, b'1', 'DVD', ' ', 'A Soldier\'s Story', 1984),
(670, b'1', 'DVD', ' ', 'License to Kill', 1984),
(671, b'1', ' ', ' ', 'Carbon copy', 1981),
(672, b'1', ' ', ' ', 'Flesh & Blood', 1979),
(673, b'1', 'DVD', ' ', 'Furious Seven', 2015),
(674, b'1', 'DVD', ' ', 'Brick Mansions', 2014),
(675, b'1', 'DVD', ' ', 'Pawn Shop Chronicles', 2013),
(676, b'1', 'DVD', '2-DVDs', 'Furious 6', 2013),
(677, b'1', 'DVD', ' ', 'Hours', 2013),
(678, b'1', 'DVDR', ' ', 'Vehicle 19', 2013),
(679, b'1', 'DVD', ' ', 'Fast Five', 2011),
(680, b'1', 'DVD', ' ', 'Takers', 2010),
(681, b'1', 'DVD', ' ', 'Fast & Furious', 2009),
(682, b'1', 'DVDR', ' ', 'The Lazarus Project', 2008),
(683, b'1', 'DVD', ' ', 'The Death and Life of Bobby Z', 2007),
(684, b'1', 'DVDR', ' ', 'Flags of Our Fathers', 2006),
(685, b'1', 'DVDR', ' ', 'Eight Below', 2006),
(686, b'1', 'DVD', ' ', 'Into the Blue', 2005),
(687, b'1', 'TV', ' ', 'Timeline', 2003),
(688, b'1', 'DVD', ' ', '2 Fast 2 Furious', 2003),
(689, b'1', 'DVD', ' ', 'Joy Ride', 2001),
(690, b'1', 'DVD', ' ', 'The Fast and the Furious', 2001),
(691, b'1', 'DVDR', ' ', 'The Skulls', 2000),
(692, b'1', 'DVD', ' ', 'Four Extraordinary Women', 2006),
(693, b'1', 'DVD', 'NTSC ', 'The Surfer King', 2006),
(694, b'1', 'DVD', 'NTSC ', 'Thicker Than Water', 2005),
(695, b'1', 'DVD', 'NTSC ', 'Shattered Dreams', 1999),
(696, b'1', 'TV ', ' ', 'Voyage of Terror', 1998),
(697, b'1', 'TV ', ' ', 'Their Second Chance', 1997),
(698, b'1', 'TV ', ' ', 'Contagious', 1997),
(699, b'1', 'TV ', ' ', 'A Mother\'s Instinct', 1996),
(700, b'1', 'TV ', ' ', 'Sins of Silence', 1996),
(701, b'1', 'TV ', ' ', 'Fighting for My Daughter', 1995),
(702, b'1', 'DVD', ' ', 'Bionic Ever After?', 1994),
(703, b'1', 'DVD', 'No dutch subtitles', 'Once in a Lifetime', 1994),
(704, b'1', 'DVD', 'No dutch subtitles', 'Nurses on the Line: The Crash of Flight 7', 1993),
(705, b'1', 'DVD', 'No dutch subtitles', 'A Message from Holly', 1992),
(706, b'1', 'DVD', 'No dutch subtitles', 'To Be the Best', 1992),
(707, b'1', 'TV ', ' ', 'Treacherous Crossing', 1992),
(708, b'1', 'TV ', ' ', 'Fire in the Dark', 1991),
(709, b'1', 'DVD', 'No dutch subtitles', 'Babies', 1990),
(710, b'1', 'DVD', 'No dutch subtitles', 'Voice of the Heart', 1990),
(711, b'1', 'DVD', ' ', 'Bionic Showdown: The Six Million Dollar Man and the Bionic Woman', 1989),
(712, b'1', 'DVD', 'No dutch subtitles', 'From the Dead of Night', 1989),
(713, b'1', 'TV ', ' ', 'Police Story: Burnout', 1988),
(714, b'1', 'DVD', 'No dutch subtitles', 'Nightmare at Bittercreek', 1988),
(715, b'1', 'TV ', ' ', 'The Taking of Flight 847: The Uli Derickson Story', 1988),
(716, b'1', 'DVD', 'No dutch subtitles', 'Evil in Clear River', 1988),
(717, b'1', 'DVD', ' ', 'The Return of the Six-Million-Dollar Man and the Bionic Woman', 1987),
(718, b'1', 'TV ', ' ', 'Convicted', 1986),
(719, b'1', 'TV ', ' ', 'Young Again', 1986),
(720, b'1', 'DVD', 'No dutch subtitles', 'Child\'s Cry', 1986),
(721, b'1', 'TV ', ' ', 'The Other Lover', 1985),
(722, b'1', 'DVD', 'No dutch subtitles', 'Princess Daisy', 1983),
(723, b'1', 'DVD', 'No dutch subtitles', 'Callie & Son', 1981),
(724, b'1', 'DVD', ' ', 'Nighthawks', 1981),
(725, b'1', 'TV', ' ', 'Scruples', 1980),
(726, b'1', ' ', ' ', 'I Am Wrath', 2016),
(727, b'1', 'DVDR', ' ', 'Criminal Activities', 2015),
(728, b'1', 'DVDR', ' ', 'Life on the Line', 2015),
(729, b'1', 'DVDR', ' ', 'The Forger', 2014),
(730, b'1', 'DVDR', ' ', 'Killing Season', 2013),
(731, b'1', 'DVDR', ' ', 'Savages', 2012),
(732, b'1', 'DVDR', ' ', 'From Paris with Love', 2010),
(733, b'1', 'DVD', ' ', 'Old Dogs', 2009),
(734, b'1', 'DVDR', ' ', 'Hairspray', 2007),
(735, b'1', 'DVDR', ' ', 'Wild Hogs', 2007),
(736, b'1', 'DVDR', ' ', 'Be Cool', 2005),
(737, b'1', 'DVD', ' ', 'Ladder 49', 2004),
(738, b'1', 'DVD', ' ', 'A Love Song for Bobby Long', 2004),
(739, b'1', 'DVD', '2-DVDs ', 'The Punisher', 2004),
(740, b'1', 'DVDR', ' ', 'Basic', 2003),
(741, b'1', 'DVD', ' ', 'Domestic Disturbance', 2001),
(742, b'1', 'TV', ' ', 'Lucky Numbers', 2000),
(743, b'1', 'DVDR', ' ', 'Battlefield Earth', 2000),
(744, b'1', 'DVDR', ' ', 'General\'s Daughter', 1999),
(745, b'1', 'DVDR', ' ', 'A Civil Action', 1998),
(746, b'1', 'DVDR', ' ', 'Primary Colors', 1998),
(747, b'1', 'DVDR', ' ', 'Mad City', 1997),
(748, b'1', 'DVDR', ' ', 'Face/Off', 1997),
(749, b'1', 'DVDR', ' ', 'Michael', 1996),
(750, b'1', 'DVD', ' ', 'Phenomenon', 1996),
(751, b'1', 'DVDR', ' ', 'Broken Arrow', 1996),
(752, b'1', 'DVD', 'DVDR 2-DVDs ', 'Get Shorty', 1995),
(753, b'1', ' ', ' ', 'Look Who\'s Talking Now', 1993),
(754, b'1', 'DVDR', ' ', 'Chains of Gold', 1991),
(755, b'1', 'DVDR', ' ', 'Look Who\'s Talking Too', 1990),
(756, b'1', 'TV', ' ', 'Look Who\'s Talking', 1989),
(757, b'1', 'DVD', ' ', 'Perfect', 1985),
(758, b'1', 'DVD', ' ', 'Two of a Kind', 1983),
(759, b'1', 'DVDR', ' ', 'Staying Alive', 1983),
(760, b'1', 'DVD', ' ', 'Blow Out', 1981),
(761, b'1', 'DVDR', 'no subtitles, avi-files', 'Urban Cowboy', 1980),
(762, b'1', 'TV', ' ', 'Welcome Back, Kotter', 1975),
(763, b'1', 'DVD', ' ', 'Moment by Moment', 1978),
(764, b'1', 'DVD', ' ', 'Grease', 1978),
(765, b'1', 'DVDR', ' ', 'Saturday Night Fever', 1977),
(766, b'1', 'DVDR', 'no subtitles ', 'Carrie', 1976),
(767, b'1', ' ', ' ', 'The Devil s Rain', 1975),
(768, b'1', 'DVD', ' ', 'Florence Foster Jenkins', 2016),
(769, b'1', 'DVD', ' ', 'Suffragette', 2015),
(770, b'1', 'DVD', ' ', 'Ricki and the Flash', 2015),
(771, b'1', 'DVD', ' ', 'Into the Woods', 2014),
(772, b'1', ' ', ' ', 'The Giver', 2014),
(773, b'1', ' ', ' ', 'The Homesman', 2014),
(774, b'1', 'DVD', ' ', 'Hope Springs', 2012),
(775, b'1', ' ', 'Season 2, Episode 2', 'Web Therapy: Blindsides and Backslides', 2012),
(776, b'1', ' ', 'Season 2, Episode 1', 'Web Therapy: Getting It Straight', 2012),
(777, b'1', 'DVD', ' ', 'The Iron Lady', 2011),
(778, b'1', 'DVD', ' ', 'It\'s Complicated', 2009),
(779, b'1', 'DVD', ' ', 'Julie & Julia', 2009),
(780, b'1', 'DVD', ' ', 'Doubt', 2008),
(781, b'1', 'DVD', ' ', 'Mamma Mia!', 2008),
(782, b'1', 'DVD', ' ', 'Rendition', 2007),
(783, b'1', 'DVD', ' ', 'Evening', 2007),
(784, b'1', 'DVD', ' ', 'Dark Matter', 2007),
(785, b'1', 'DVD', ' ', 'The Devil Wears Prada', 2006),
(786, b'1', 'DVD', ' ', 'A Prairie Home Companion', 2006),
(787, b'1', 'DVD', ' ', 'Prime', 2005),
(788, b'1', ' ', ' ', 'A Series of Unfortunate Events', 2004),
(789, b'1', 'DVD', ' ', 'The Hours', 2002),
(790, b'1', 'DVD', ' ', 'Adaptation', 2002),
(791, b'1', 'DVDR', ' ', 'A.I. Artificial Intelligence', 2001),
(792, b'1', 'DVD', ' ', 'Music of the Heart', 1999),
(793, b'1', 'DVD', ' ', 'One True Thing', 1998),
(794, b'1', 'DVD', 'No subtitles ', 'Dancing at Lughnasa', 1998),
(795, b'1', 'DVD', 'No subtitles ', '...First Do No Harm', 1997),
(796, b'1', 'DVD', ' ', 'Marvin\'s Room', 1996),
(797, b'1', 'DVD', 'NTSC (DVDR PAL with subtitles)', 'Before and After', 1996),
(798, b'1', 'DVD', ' ', 'The Bridges of Madison County', 1995),
(799, b'1', 'DVD', ' ', 'The River Wild', 1994),
(800, b'1', 'DVD', ' ', 'The House of the Spirits', 1993),
(801, b'1', 'DVD', ' ', 'Death Becomes Her', 1992),
(802, b'1', 'DVD', 'NTSC ', 'Defending Your Life', 1991),
(803, b'1', 'DVD', ' ', 'Postcards from the Edge', 1990),
(804, b'1', 'DVD', ' ', 'She-Devil', 1989),
(805, b'1', 'DVD', ' ', 'A Cry In The Dark', 1988),
(806, b'1', 'DVD', 'NTSC ', 'Ironweed', 1987),
(807, b'1', 'DVD', ' ', 'Heartburn', 1986),
(808, b'1', 'DVD', ' ', 'Out of Africa', 1985),
(809, b'1', 'DVD', 'No subtitles ', 'Plenty', 1985),
(810, b'1', 'DVD', ' ', 'Falling in Love', 1984),
(811, b'1', 'DVDR', ' ', 'Silkwood', 1983),
(812, b'1', 'DVD', 'No subtitles (DVDR-version with sub-titles', 'Sophie\'s choice', 1982),
(813, b'1', 'DVDR', ' ', 'Still of the Night', 1982),
(814, b'1', 'DVD', '2-copies', 'The French Lieutenant\'s Woman', 1981),
(815, b'1', 'DVD', ' ', 'Kramer vs. Kramer', 1979),
(816, b'1', 'DVD', ' ', 'Manhattan', 1979),
(817, b'1', 'DVD', '5-DVD', 'Holocaust', 1978),
(818, b'1', ' ', ' ', 'Behaving Badly', 2014),
(819, b'0', ' ', ' ', 'Chasing Mavericks', 2012),
(820, b'1', 'DVD', ' ', 'House at the End of the Street', 2012),
(821, b'0', ' ', ' ', 'Janie Jones', 2010),
(822, b'1', 'DVDR', ' ', 'Piranha', 2010),
(823, b'0', ' ', ' ', 'Waking Madison', 2010),
(824, b'0', 'DVDR', ' ', 'Don McKay', 2009),
(825, b'1', 'DVD', ' ', 'First Born', 2007),
(826, b'1', 'DVD', ' ', 'Hide and Seek', 2005),
(827, b'1', 'DVD', ' ', 'Leo', 2002),
(828, b'1', 'DVD', ' ', 'Hollow Man', 2000),
(829, b'1', 'DVD', ' ', 'The Saint', 1997),
(830, b'0', 'TV', ' ', 'The Trigger Effect', 1996),
(831, b'1', 'DVD', ' ', 'Leaving Las Vegas', 1995),
(832, b'0', 'DVD', ' ', 'Link', 1986),
(833, b'0', 'TV', ' ', 'The Karate Kid', 1984),
(834, b'0', 'DVD', ' ', 'The Late Bloomer', 2016),
(835, b'0', 'DVDR', ' ', 'The Ages of Love', 2011),
(836, b'1', 'DVDR', ' ', 'Shoot Em Up', 2007),
(837, b'1', 'DVD', ' ', 'How Much Do You Love Me?', 2005),
(838, b'0', ' ', '', 'Mr. Holmes ', 2015),
(839, b'0', 'DVDR', '', 'Hyde Park on Hudson', 2012),
(840, b'0', ' ', '', 'The Details', 2011),
(841, b'0', ' ', '', 'Morning', 2010),
(842, b'0', 'DVDR', '', 'Sympathy for Delicious', 2010),
(843, b'0', '7-DVDRs', '', 'John Adams', 2008),
(844, b'0', 'DVDR', '', 'The Other Man', 2008),
(845, b'1', 'DVDR', '', 'The City of Your Final Destination', 2007),
(846, b'0', 'DVDR', '', 'The Nanny Diaries', 2007),
(847, b'0', 'DVD', '', 'Breach', 2007),
(848, b'1', 'DVDR', '', 'The Savages', 2007),
(849, b'0', 'DVDR', '', 'Jindabyne ', 2006),
(850, b'1', '2-DVD', '', 'Man of the Year', 2006),
(851, b'0', ' ', '', 'The Hottest State', 2006),
(852, b'0', ' ', '', 'Driving Lessons', 2006),
(853, b'1', 'DVD', '', 'The Exorcism of Emily Rose', 2005),
(854, b'1', 'DVDR', '', 'The Squid and the Whale', 2005),
(855, b'1', 'DVD', '', 'Kinsey', 2004),
(856, b'0', ' ', '', 'P.S.', 2004),
(857, b'1', 'DVD', '', 'Love Actually', 2003),
(858, b'0', 'DVD', '', 'Mystic River', 2003),
(859, b'0', 'DVDR', ' ', 'Contact', 1997),
(860, b'0', 'DVD', ' ', 'The Deer Hunter', 1978),
(861, b'0', 'DVD', '', 'The Jackal', 1997),
(862, b'0', 'DVDR', 'no subtitles ', 'The Devil\'s Rain', 1975),
(863, b'0', 'TELE2', '', 'We Were Soldiers', 2002),
(864, b'0', 'TELE2', '', 'Killing Zoe', 1994),
(865, b'0', 'TELE2', '', 'Tangled', 2001),
(866, b'0', 'TELE2', '', 'Striking Range', 2006),
(867, b'0', 'TELE2', '', 'Movin Too Fast', 2005),
(868, b'0', 'TELE2', '', 'One Way Out', 2002),
(869, b'0', 'TELE2', '', 'Marines', 2003),
(870, b'0', 'TELE2', '', '\"06-05\"', 2004),
(871, b'0', 'TELE2', '', 'Puerto Vallarta Squeeze', 2004),
(872, b'0', 'DVDR', '', 'Kill Bill: Vol. 1', 2003),
(873, b'0', 'DVDR', '', 'Kill Bill: Vol. 2', 2004),
(874, b'0', 'TV', '', 'Jackie Brown', 1997),
(875, b'0', 'TV', '', 'Changes', 1991),
(876, b'0', 'TELE2', '', 'I Witness', 2003),
(877, b'0', 'TELE2', '', 'Special Forces', 2003),
(878, b'0', 'TELE2', '', 'Lord of War', 2005),
(879, b'0', 'TELE2', '', 'Fear and Loathing in Las Vegas', 1998),
(880, b'0', 'TELE2', '', 'Black Point', 2001),
(881, b'0', 'TELE2', '', 'The Yards', 2000),
(882, b'0', 'TELE2', '', 'Revelation', 1999),
(883, b'0', 'TELE2', '', 'You Kill Me', 2007),
(884, b'0', 'TELE2', '', 'Dead Lenny', 2006),
(885, b'0', 'TV', '', 'Angel Eyes', 2001),
(886, b'1', 'DVD', '', 'Gangs of New York', 2002),
(887, b'0', 'DVD', '', 'Astérix et Obélix contre César', 1999),
(888, b'0', 'DVDR', '', 'Braveheart', 1995),
(889, b'1', 'DVDR', '', 'The Island', 2005),
(890, b'1', 'DVD', '', 'Random Hearts', 1999),
(891, b'0', 'TELE2', '', 'FBI: The Neogotiator', 0),
(892, b'0', 'TELE2', '', 'The Stick Up', 0),
(893, b'0', 'TELE2', '', 'Sacrifice', 0),
(894, b'0', 'DVDR', '', 'An Inconvenient Truth', 2006),
(895, b'1', 'DVD', '', 'Munich', 2005),
(896, b'1', 'DVD', '', 'Dirty Dancing 2', 2004),
(897, b'1', 'DVD', '', 'Coach Carter', 2005),
(898, b'1', 'DVD', '', 'Vertical Limit', 2000),
(899, b'1', 'DVD', '', 'Enough', 2002),
(900, b'1', 'DVD', '', 'Gone in Sixty Seconds', 2000),
(901, b'1', 'DVD', '', 'S.W.A.T.', 2003),
(902, b'1', 'DVD', '', 'Dark Blue', 2002),
(903, b'1', 'TV', '', 'Traffic', 2000),
(904, b'0', 'TV', '', 'Stille Nacht', 2004),
(905, b'0', 'TV', '', 'Platoon', 1986),
(906, b'0', 'DVDR', '', 'Phone Booth', 2002),
(907, b'0', 'TV', '', 'Maid in Manhattan', 2002),
(908, b'0', 'DVDR', '', 'Road House', 1989),
(909, b'0', 'TV', '', 'Van God Los', 2003),
(910, b'0', 'TV', '', 'Lek', 2000),
(911, b'0', 'DVD', '', 'Rules of Engagement', 2000),
(912, b'0', 'DVDR', '', 'Dead Man Walking', 1995),
(913, b'0', 'TV', '', 'Bad Company', 2002),
(914, b'0', 'TV', '', 'Rocky Balboa', 2006),
(915, b'0', 'TV', '', 'Rocky V', 1990),
(916, b'0', 'TV', '', 'Rocky IV', 1985),
(917, b'0', 'TV', '', 'Rocky III', 1982),
(918, b'0', 'TV', '', 'Rocky II', 1979),
(919, b'0', 'TV', '', 'Rocky', 1976),
(920, b'1', 'DVDR', '', 'Apocalypto', 2006),
(921, b'0', 'TELE2', '', 'Paid in Full', 2002),
(922, b'0', 'TELE2', '', 'Taking Lives', 2004),
(923, b'0', 'TELE2', '', 'Studio 54', 1998),
(924, b'0', 'TELE2', '', 'Home of the Brave', 2006),
(925, b'0', 'TV', '', 'xXx', 2002),
(926, b'0', 'TV', '', 'Interview', 2003),
(927, b'0', 'TV', '', 'The Horse Whisperer', 1998),
(928, b'0', 'TV', '', 'The Presidio', 1988),
(929, b'0', 'TV', '', 'Behind the Camera: The Unauthorized Story of Charlie s Angels', 2004),
(930, b'0', 'DVDR', '', 'Shaft', 2000),
(931, b'0', 'TV', '', 'xXx: State of the Union', 2005),
(932, b'0', 'TV', '', 'Entrapment', 1999),
(933, b'0', 'DVDR', '', 'Backdraft', 1991),
(934, b'0', 'TV', '', 'Extremities', 1986),
(935, b'0', 'TV', '', 'Oesters van Nam Kee', 2002),
(936, b'0', 'TV', '', 'Ellis in Glamourland', 2004),
(937, b'0', 'TV', '', 'Deep Throat', 1972),
(938, b'0', 'TV', '', 'Ihaka: Blunt Instrument', 2000),
(939, b'0', 'TELE2', '', 'Without Evidence', 1995),
(940, b'0', 'TV', '', 'Fahrenheit 9/11', 2004),
(941, b'0', 'TV', '', '\"9-11\"', 2002),
(942, b'0', 'DVDR', '', 'Under the Tuscan Sun', 2003),
(943, b'0', 'DVD', '', 'Goodbye America', 1997),
(944, b'1', 'DVD', '2-DVDs', 'The Terminal', 2004),
(945, b'1', 'DVD', '', 'The Shawshank Redemption', 1994),
(946, b'0', 'DVD', '', 'To Die For', 1995),
(947, b'1', 'DVD', '', '15 Minutes', 2001),
(948, b'0', 'DVD', '', 'Murder on Flight 502', 1975),
(949, b'0', 'DVD', '', 'Joe and Max', 2002),
(950, b'1', 'DVD', '', 'The Last of the Mohicans', 1992),
(951, b'1', 'DVD', '', 'Redemption: The Stan Tookie Williams Story', 2004),
(952, b'0', 'DVD', '', 'Pearl Harbor', 2001),
(953, b'1', 'DVD', 'No dutch subtitles', 'A Secret Affair', 1999),
(954, b'1', 'DVD', '', 'Birth', 2004),
(955, b'1', 'DVD', '2-DVDs', 'Cape Fear', 1991),
(956, b'1', 'DVD', '2-DVDs', 'Purple Rain', 1984),
(957, b'0', 'DVD', '', 'American History X', 1998),
(958, b'1', 'DVD', '', 'Memento', 2000),
(959, b'0', 'DVD', '', 'Eve s Bayou', 1997),
(960, b'0', 'DVD', '', 'One Eight Seven', 1997),
(1058, b'0', 'DVD', '', 'Little City', 1997),
(1059, b'1', 'DVD', '2-DVDs', 'Pirates of the Caribbean: The Curse of the Black Pearl', 2003),
(1060, b'0', 'DVD', '', 'Sniper 2', 2002),
(1061, b'0', 'DVD', '', 'Honeymoon in Vegas', 1992),
(1062, b'1', 'DVD', '', 'Wild at Heart', 1990),
(1063, b'1', 'DVD', '', 'The Butterfly Effect', 2004),
(1064, b'1', 'DVD', '', 'Undisputed II: Last Man Standing', 2006),
(1065, b'1', 'DVD', '2-DVDs', 'Into the Wild', 2007),
(1066, b'0', 'DVDR', '', 'The Strangers', 2008),
(1067, b'0', 'DVDR', '', 'Code Name: The Cleaner', 2007),
(1068, b'0', 'DVDR', '', 'Ghost Rider', 2007),
(1069, b'0', 'DVDR', '', '3:10 to Yuma', 2007),
(1070, b'0', 'DVDR', '', 'Romulus, My Father', 2007),
(1071, b'0', 'DVDR', '', 'A Guide to Recognizing Your Saints', 2006),
(1072, b'0', 'DVDR', '', 'Death Sentence', 2007),
(1073, b'0', 'DVDR', '', 'Zomerhitte', 2008),
(1074, b'1', 'DVDR', '', 'No Country for Old Men', 2007),
(1075, b'0', 'DVDR', '', 'The Last King of Scotland', 2006),
(1076, b'0', 'DVDR', '', 'Stomp the Yard', 2007),
(1077, b'1', 'DVDR', '', 'The Kingdom', 2007),
(1078, b'0', 'DVDR', '', 'Casino Royale', 2006),
(1079, b'0', 'DVDR', '', 'We Own the Night', 2007),
(1080, b'0', 'DVDR', '', 'Untraceable', 2008),
(1081, b'0', 'DVDR', '', 'There Will Be Blood', 2007),
(1082, b'0', 'DVDR', '', 'Trust the Man', 2005),
(1083, b'0', 'DVDR', '', 'The Happening', 2008),
(1084, b'0', 'DVDR', '', 'Into the West', 2005),
(1085, b'0', 'DVDR', '', 'In the Valley of Elah', 2007),
(1086, b'0', 'DVDR', '', 'Flyboys', 2006),
(1087, b'0', 'DVDR', '', 'Gone Baby Gone', 2007),
(1088, b'0', 'DVDR', '', 'A Mighty Heart', 2007),
(1089, b'0', 'DVDR', '', 'Exit Wounds', 2001),
(1090, b'0', 'DVDR', '', 'Fierce People', 2005),
(1091, b'0', 'DVDR', '', 'Death Proof', 2007),
(1092, b'0', 'DVDR', '', 'Reservation Road', 2007),
(1093, b'1', 'DVD', '', 'Monster', 2003),
(1094, b'0', 'DVDR', '', 'Mariachi, El', 1992),
(1095, b'0', 'DVDR', '', 'Mulholland Dr.', 2001),
(1096, b'0', 'DVDR', '', 'Reservoir Dogs', 1992),
(1097, b'0', 'DVDR', '2-DVDS', 'Once Upon a Time in America', 1984),
(1098, b'1', 'DVD', '2-DVDS', 'Ben X', 2007),
(1099, b'0', 'DVDR', '', 'The Kite Runner', 2007),
(1100, b'0', 'DVDR', '', 'The Bank Job', 2008),
(1101, b'0', 'DVDR', '', 'Cleaner', 2007),
(1102, b'0', 'DVDR', '', 'Appaloosa', 2008),
(1103, b'0', 'DVDR', '', 'Quantum of Solace', 2008),
(1104, b'0', 'DVDR', '', 'Pride and Glory', 2008),
(1203, b'0', 'DVDR', '', 'Body of Lies', 2008),
(1204, b'0', 'DVD', '', 'As it is in heaven', 2004),
(1205, b'0', 'DVD', '', 'Springstof', 2001),
(1206, b'0', 'DVD', '', 'Paradijs', 2003),
(1207, b'0', 'DVDR', '', 'Honey', 2003),
(1208, b'0', 'TV', '', 'Chasing Papi', 2003),
(1209, b'1', 'DVDR', '', 'Excellent Cadavers', 1999),
(1210, b'0', 'DVDR', '2-DVDs', 'Giovanni Falcone, l uomo che sfidò Cosa Nostra', 2006),
(1211, b'0', 'DVDR', '', 'The Assassination of Richard Nixon', 2004),
(1212, b'1', 'DVDR', '', 'Waist Deep', 2006),
(1213, b'1', 'DVD', '', 'The Crimson Rivers/Les rivières pourpres', 2000),
(1214, b'0', 'DVDR', '', 'The Children of Huang Shi', 2008),
(1215, b'0', 'DVD', '', 'Mozart and the Whale', 2005);
INSERT INTO `dvd` (`id`, `bonus`, `origin`, `remarks`, `title`, `year`) VALUES
(1216, b'0', 'DVDR', '', 'The Boy in the Striped Pyjamas', 2008),
(1217, b'1', 'DVD', '', 'The Fast and the Furious: Tokyo Drift', 2006),
(1218, b'0', 'DVDR', '', 'Bangkok Dangerous', 2008),
(1219, b'1', 'DVD', '', 'La haine', 1995),
(1220, b'1', 'DVD', '', 'Empire of the Wolves/L empire des loups', 2005),
(1221, b'0', 'DVDR', '', 'Derailed', 2002),
(1222, b'0', 'DVDR', '', 'Gomorra', 2008),
(1223, b'0', 'DVDR', '', 'Lakeview Terrace', 2008),
(1224, b'0', 'DVDR', '', 'The Transporter', 2002),
(1225, b'0', 'DVDR', '', 'Transporter 2', 2005),
(1226, b'0', 'DVDR', '', 'Transporter 3', 2008),
(1227, b'0', 'DVDR', '', 'The Wrestler', 2008),
(1228, b'1', 'DVDR', '', 'Traitor', 2008),
(1229, b'1', 'DVD', '', 'Sheitan', 2006),
(1230, b'1', 'DVD', '', 'Imagine Me & You', 2005),
(1231, b'0', 'DVD', '', 'Elle s appelle Sabine', 2007),
(1232, b'0', 'DVD', '', 'De gek op de heuvel', 2006),
(1233, b'1', 'DVD', '', 'The Black Balloon', 2008),
(1234, b'1', 'DVD', '', 'Perfume: The Story of a Murderer', 2006),
(1235, b'0', 'DVDR', '', 'Eastern Promises', 2007),
(1236, b'0', 'DVDR', '', 'Let The Right One In', 2008),
(1237, b'0', 'DVDR', '', 'Nobel Son', 2007),
(1238, b'0', 'DVDR', '', 'Public Enemy Number One (Part 1)', 2008),
(1239, b'0', 'DVDR', '', 'Public Enemy Number One (Part 2)', 2008),
(1240, b'0', 'DVDR', '', 'The Lucky Ones', 2008),
(1241, b'0', 'DVDR', '', 'Taken', 2008),
(1242, b'0', 'DVDR', '', 'You The Living', 2007),
(1243, b'0', 'DVDR', '', 'Marley & Me', 2008),
(1244, b'0', 'DVDR', '', 'Public Enemies', 2009),
(1245, b'0', 'DVDR', '', 'Echelon Conspiracy/The Gift', 2009),
(1246, b'0', 'DVDR', '', 'Slumdog Millionaire', 2008),
(1247, b'0', 'DVDR', '', 'Das Leben der Anderen', 2006),
(1248, b'0', 'DVDR', '', 'Che: Part One', 2008),
(1249, b'0', 'DVDR', '', 'Che: Part Two', 2008),
(1250, b'0', 'DVDR', '', 'Revolutionary Road', 2008),
(1251, b'0', 'DVDR', '', 'De storm', 2009),
(1252, b'1', 'DVDR', '', 'The Hangover', 2009),
(1253, b'0', 'DVDR', '', 'A Perfect Getaway', 2009),
(1254, b'0', 'DVDR', '', 'Red Cliff', 2008),
(1255, b'0', 'DVDR', '', '2012', 2009),
(1256, b'1', 'DVD', '', 'Bless The Child', 2000),
(1257, b'1', 'DVD', '', 'The Night Listener', 2006),
(1258, b'1', 'DVD', '', 'Holy Smoke', 1999),
(1259, b'1', 'DVD', '', 'La tigre e la neve/The Tiger and the Snow', 2005),
(1260, b'0', 'DVD', '', 'Do the Right Thing', 1989),
(1261, b'0', 'DVD', '', 'Jungle Fever', 1991),
(1262, b'0', 'DVD', '', 'Crooklyn', 1994),
(1263, b'0', 'DVDR', '', 'Clockers', 1995),
(1264, b'0', 'DVDR', '', 'The Wicker Man', 2006),
(1265, b'0', 'TV', '', 'Jesse Stone: Night Passage', 2006),
(1266, b'0', 'TV', '', 'Jesse Stone: Death in Paradise', 2006),
(1267, b'0', 'TV', '', 'Jesse Stone: Sea Change', 2007),
(1268, b'0', 'TV', '', 'Jesse Stone: Thin Ice', 2009),
(1269, b'1', 'DVD', '2-DVDS', 'Raging Bull', 1980),
(1270, b'1', 'DVDR', '2-DVDS', 'Donnie Darko', 2001),
(1271, b'1', 'DVDR', '', 'The Woodsman', 2004),
(1272, b'0', 'DVDR', '', 'Milk', 2008),
(1273, b'0', 'DVDR', '', 'Stir of Echoes', 1999),
(1274, b'0', 'DVD', '', 'Live!', 2007),
(1275, b'0', 'DVDR', '', 'Rails & Ties', 2007),
(1276, b'0', 'DVDR', '', 'Frost/Nixon', 2008),
(1277, b'0', 'DVDR', '', 'The Hurt Locker', 2008),
(1278, b'1', 'DVD', '', 'Unknown', 2006),
(1279, b'1', 'DVD', '', 'GodSend', 2004),
(1280, b'0', 'DVDR', '', 'Sukiyaki Western Django', 2007),
(1281, b'0', 'Not Yet', '', 'Powder Blue', 2009),
(1282, b'0', 'DVDR', '', 'Winged Creatures', 2008),
(1283, b'0', 'DVDR', '', 'Taxi Driver', 1976),
(1284, b'1', 'DVD', '', 'Murder in the First', 1995),
(1285, b'0', 'DVD', '', 'Anamorph', 2007),
(1286, b'1', 'DVDR', '', 'The Color Purple', 1985),
(1287, b'0', 'DVDR', '', 'Hotel Rwanda', 2004),
(1288, b'0', 'DVDR', '', 'My Sister s Keeper', 2009),
(1289, b'0', 'DVD', '2-DVDS', 'Detective', 2005),
(1290, b'0', 'DVDR', '', 'The Soloist', 2009),
(1291, b'1', 'DVD', '', 'Prey', 2007),
(1292, b'1', 'DVD', '', 'Betrayed', 1988),
(1293, b'0', 'DVDR', '', 'Armored', 2009),
(1294, b'0', 'DVDR', '', 'The Constant Gardener', 2005),
(1295, b'0', 'DVDR', '', 'The Day After Tomorrow', 2004),
(1296, b'1', 'DVDR', '', 'Die Fälscher', 2007),
(1297, b'0', 'DVDR', '', 'The Stepfather', 2009),
(1298, b'0', 'DVDR', '', 'Le premier cercle/The Inside Ring', 2009),
(1299, b'0', 'DVDR', '', 'God On Trial', 2008),
(1495, b'0', 'DVDR', '', 'The Merry Gentleman', 2008),
(1496, b'0', 'DVDR', '', 'Deception', 2008),
(1497, b'0', 'DVDR', '', 'Komt een vrouw bij de dokter', 2009),
(1498, b'0', 'DVDR', '', 'The Prestige', 2006),
(1499, b'0', 'DVDR', '', 'The Boys Are Back', 2009),
(1500, b'0', 'DVDR', '', 'Hunger', 2008),
(1501, b'0', 'DVDR', '', 'Un prophète', 2009),
(1502, b'0', 'DVDR', '', 'Precious', 2009),
(1503, b'0', 'DVDR', '', 'Edge of Darkness', 2010),
(1504, b'0', 'DVDR', '', 'The Imaginarium of Doctor Parnassus', 2009),
(1505, b'0', 'DVDR', '', 'For Roseanna/Roseanna s Grave', 1997),
(1506, b'0', 'DVDR', '', 'Case 39', 2009),
(1507, b'0', 'DVDR', '', 'Shooting Dogs/Beyond the Gates', 2005),
(1508, b'0', 'DVDR', '', 'Goodbye Bafana', 2007),
(1509, b'0', 'DVDR', '', 'Chloe', 2009),
(1510, b'0', 'DVDR', '', 'Across the Hall', 2009),
(1511, b'0', 'DVDR', '', 'The Messenger', 2009),
(1512, b'0', 'DVDR', '', 'Sherlock Holmes', 2009),
(1513, b'1', 'DVD', '', 'My Name Is Khan', 2009),
(1514, b'1', 'DVD', '', 'Adam', 2009),
(1515, b'0', 'DVDR', '', 'The Bad Lieutenant: Port of Call - New Orleans', 2009),
(1516, b'0', 'DVDR', '', 'Exam', 2009),
(1517, b'0', 'DVDR', '', 'Heartless', 2009),
(1518, b'0', 'DVDR', '', 'Next', 2007),
(1519, b'0', 'DVDR', '', '100 Feet', 2008),
(1520, b'0', 'DVDR', '', 'The Burning Plain', 2008),
(1521, b'0', 'DVDR', '', 'Shutter Island', 2010),
(1522, b'0', 'DVDR', '', 'The Horseman', 2008),
(1523, b'0', 'DVDR', '', 'Temple Grandin', 2010),
(1524, b'0', 'DVDR', '', 'Extraordinary Measures', 2010),
(1525, b'1', 'DVDR', '', 'Children of Men', 2006),
(1526, b'0', 'DVDR', '', 'Solitary Man', 2009),
(1527, b'0', 'DVDR', '', 'The Break-up', 2006),
(1528, b'0', 'DVDR', '', 'Wall Street', 1987),
(1529, b'0', 'DVDR', '', 'North Country', 2005),
(1530, b'0', 'DVDR', '', 'Crazy Heart', 2009),
(1531, b'0', 'DVDR', '', 'De Gelukkige Huisvrouw', 2010),
(1532, b'0', 'DVDR', '', 'Couples Retreat', 2009),
(1533, b'0', 'DVDR', '', 'The Killers', 2010),
(1534, b'0', 'DVDR', '', 'Wedding Crashers', 2005),
(1535, b'0', 'DVDR', '', 'Law Abiding Citizen', 2009),
(1536, b'0', 'DVDR', '', 'Freedom Writers', 2007),
(1537, b'0', 'DVDR', '', 'Sunshine Cleaning', 2008),
(1538, b'0', 'DVDR', '', 'Bordertown', 2006),
(1539, b'0', 'DVDR', '', 'The Immortal', 2010),
(1540, b'0', 'DVDR', '', 'Dear John', 2010),
(1541, b'0', 'DVDR', '', 'Die Welle', 2008),
(1542, b'0', 'DVDR', '', 'Little Children', 2006),
(1543, b'1', 'DVDR', '', 'Stomp the Yard 2', 2010),
(1544, b'0', 'DVDR', '', 'Cast Away', 2000),
(1545, b'0', 'DVDR', '', 'The Da Vinci Code & Angels and Demons', 2006),
(1546, b'0', 'DVDR', '', 'Baaria', 2009),
(1547, b'0', 'DVDR', '', 'Robin Hood', 2010),
(1548, b'0', 'DVDR', '', 'Wall Street - Money Never Sleeps', 2010),
(1549, b'0', 'DVDR', '', 'He s Just Not That Into You', 2009),
(1550, b'0', 'DVDR', '', 'P.S. I love you', 2007),
(1551, b'1', 'DVDR', '', 'Back-up Plan', 2010),
(1552, b'0', 'DVDR', '', 'Equilibrium', 2002),
(1553, b'0', 'DVDR', '', 'Inception', 2010),
(1554, b'0', 'DVDR', '', 'The Bounty Hunter', 2010),
(1555, b'1', 'DVDR', '', 'American Beauty', 1999),
(1556, b'1', 'DVDR', '', 'Salt', 2010),
(1557, b'0', 'DVDR', '', 'Machete', 2010),
(1558, b'0', 'DVDR', '', '21 Grams', 2003),
(1559, b'1', 'DVDR', '', 'Beyond Borders', 2003),
(1560, b'0', 'DVDR', '', 'Arlington Road', 1999),
(1561, b'0', 'DVDR', '', 'What s Eating Gilbert Grape', 1993),
(1562, b'0', 'DVDR', '', 'Hadewijch', 2009),
(1563, b'0', 'DVDR', '', 'Seven Pounds', 2008),
(1564, b'0', 'DVDR', '', 'Step Up 3D', 2010),
(1565, b'0', 'DVDR', '', 'House of Boys', 2009),
(1566, b'0', 'DVDR', '', 'Brotherhood', 2010),
(1567, b'0', 'DVDR', '', 'Dog Pound', 2010),
(1568, b'0', 'DVDR', '', 'City Of Angels', 1998),
(1569, b'0', 'TV', '', 'Million Dollar Baby', 2004),
(1570, b'0', 'TV', '', 'Cinderella Man', 2005),
(1571, b'0', 'TV', '', 'Ali', 2001),
(1572, b'0', 'TV', '', 'Girlfight', 2000),
(1573, b'0', 'DVDR', '', 'The Baader Meinhof Complex', 2008),
(1574, b'0', 'DVDR', '', 'The Town', 2010),
(1575, b'0', 'DVDR', '', 'Mojave Moon', 1996),
(1576, b'0', 'DVDR', '', 'The Social Network', 2010),
(1577, b'0', 'DVDR', '', '127 Hours', 2010),
(1578, b'0', 'DVDR', '', 'The Fighter', 2010),
(1579, b'0', 'DVDR', '', 'Wind Chill', 2007),
(1580, b'0', 'DVDR', '', 'The Kids Are Allright', 2010),
(1581, b'0', 'DVDR', '', 'Due Date', 2010),
(1582, b'0', 'DVDR', '', 'Irresistible', 2006),
(1583, b'0', 'DVDR', '', 'The Round Up (Aka La Rafle)', 2010),
(1584, b'0', 'DVDR', '', 'Loft (BE)', 2008),
(1585, b'0', 'DVDR', '', 'Loft (NL)', 2010),
(1586, b'0', 'DVDR', '', 'The Other Guys', 2010),
(1587, b'0', 'DVDR', '', 'The Next Three Days', 2010),
(1588, b'1', 'DVDR', '', 'Elle s appelait Sarah/Haar naam was Sarah', 2010),
(1589, b'0', 'DVDR', '', 'Charlie St. Cloud', 2010),
(1590, b'1', 'DVDR', '', 'Five Minutes of Heaven', 2009),
(1786, b'0', 'DVDR', '', 'Against the Current', 2009),
(1787, b'0', 'DVDR', '', 'The Dilemma', 2011),
(1788, b'1', 'DVDR', '', 'The Experiment', 2010),
(1789, b'1', 'DVDR', '', 'Hell Ride', 2008),
(1790, b'1', 'DVDR', '', 'Mother and Child', 2009),
(1791, b'0', 'DVDR', '', 'Tamara Drewe', 2010),
(1792, b'1', 'DVDR', '', 'The Switch', 2010),
(1793, b'0', 'DVDR', '', 'Leaves of Grass', 2009),
(1794, b'0', 'DVDR', '', 'Fair Game', 2010),
(1795, b'0', 'DVDR', '', 'Buried', 2010),
(1796, b'1', 'DVDR', '', 'Salvador', 1986),
(1797, b'0', 'DVDR', '', 'Bend It Like Beckham', 2002),
(1798, b'0', 'DVDR', '', 'I Could Never Be Your Woman', 2007),
(1799, b'0', 'DVDR', '', 'A Good Year', 2006),
(1800, b'1', 'DVDR', '', 'Little Fockers', 2010),
(1801, b'0', 'DVDR', '', 'The Tourist', 2010),
(1802, b'0', 'DVDR', '', 'Meet The Fockers', 2004),
(1803, b'0', 'DVDR', '', 'Meet The Parents', 2000),
(1804, b'0', 'DVDR', '', 'Incendiary', 2008),
(1805, b'0', 'DVDR', '', 'North Face/Nordwand', 2008),
(1806, b'0', 'DVDR', '', 'La siciliana ribelle', 2008),
(1807, b'0', 'DVDR', '', 'The Infidel', 2010),
(1808, b'1', 'DVDR', '', 'The Killing Fields', 1984),
(1809, b'1', 'DVDR', '', 'Ticking Clock', 2011),
(1810, b'0', 'DVDR', '', 'A Day in the Life', 2009),
(1811, b'1', 'DVDR', '', 'Tirza', 2010),
(1812, b'0', 'DVDR', '', 'The Box', 2009),
(1813, b'1', 'DVDR', '', 'Blow', 2001),
(1814, b'0', 'DVDR', '', 'The Brave One', 2007),
(1815, b'0', 'DVDR', '', 'Just Wright', 2010),
(1816, b'0', 'DVDR', '', 'The Boondock Saints', 1999),
(1817, b'0', 'DVDR', '', 'The Road', 2009),
(1818, b'0', 'DVDR', '', 'Boogie Nights', 1997),
(1819, b'0', 'DVDR', '', 'The Killer Inside Me', 2010),
(1820, b'0', 'DVDR', '', 'De Eenzaamheid van de Priemgetallen', 2010),
(1821, b'0', 'DVDR', '', 'Killshot', 2008),
(1822, b'0', 'DVDR', '', 'Love Happens', 2009),
(1823, b'0', 'DVDR', '', 'My one and only', 2009),
(1824, b'0', 'DVDR', '', 'Secretariat', 2010),
(1825, b'0', 'DVDR', '', 'Sex and the City', 2008),
(1826, b'0', 'DVDR', '', 'De eetclub', 2010),
(1827, b'0', 'DVDR', '', 'Gran Torino', 2008),
(1828, b'0', 'DVDR', '', 'S.W.A.T.: Firefight', 2011),
(1829, b'0', 'DVDR', '', 'The Killing Room', 2009),
(1830, b'0', 'DVDR', '', 'Conviction', 2010),
(1831, b'0', 'DVDR', '', 'Lost and Delirious', 2001),
(1832, b'0', 'DVDR', '', 'Loving Annabelle', 2006),
(1833, b'0', 'DVDR', '', 'Never Let Me Go', 2010),
(1834, b'0', 'DVDR', '', 'Step Up', 2006),
(1835, b'0', 'DVDR', '', 'Step Up 2: The Streets', 2008),
(1836, b'0', 'DVDR', '', 'The World Unseen', 2007),
(1837, b'0', 'DVDR', '', 'The Gymnast', 2006),
(1838, b'0', 'DVDR', '', 'Sonny Boy', 2011),
(1839, b'0', 'DVDR', '', 'Banlieue 13', 2004),
(1840, b'0', 'DVDR', '', 'Biutiful', 2010),
(1841, b'0', 'DVDR', '', 'Love and Other Drugs', 2010),
(1842, b'0', 'DVDR', '', 'Nothing in Common', 1986),
(1843, b'0', 'DVDR', '', 'The Mechanic', 2011),
(1844, b'0', 'DVDR', '', 'The Way Back', 2010),
(1845, b'0', 'DVDR', '', 'Twelve', 2010),
(1846, b'0', 'DVDR', '', 'You Will Meet a Tall Dark Stranger', 2010),
(1847, b'0', 'DVDR', '', 'Celda 211', 2009),
(1848, b'0', 'DVDR', '', 'Claire of the Moon', 1992),
(1849, b'0', 'DVD', '', 'East Is East', 1999),
(1850, b'0', 'DVD', '', 'Yasmin', 2004),
(1851, b'0', 'DVD', '', 'Chromophobia', 2005),
(1852, b'0', 'DVDR', '', 'Percy Jackson & the Olympians: The Lightning Thief', 2010),
(1853, b'0', 'DVDR', '', 'After Life', 2009),
(1854, b'1', 'DVDR', '', 'Brotherhood/Broderskab', 2009),
(1855, b'0', 'DVDR', '', 'Xanadu', 1980),
(1856, b'0', 'DVDR', '', 'The China Syndrome', 1979),
(1857, b'1', 'DVDR', '', 'Last Tango in Paris/Ultimo tango a Parigi', 1972),
(1858, b'0', 'DVDR', '', 'Proof of Life', 2000),
(1859, b'0', 'DVDR', '', 'Mississippi Burning', 1988),
(1860, b'0', 'DVDR', '', 'Fame', 1980),
(1861, b'0', 'DVDR', '', 'Drive Angry 3D', 2011),
(1862, b'0', 'DVDR', '', 'Flashdance', 1983),
(1863, b'0', 'DVDR', '', 'The King s Speech', 2010),
(1864, b'1', 'DVDR', '', 'The Notebook', 2004),
(1865, b'0', 'DVDR', '', 'A Walk to Remember', 2002),
(1866, b'0', 'DVDR', '', 'The Negotiator', 1998),
(1867, b'0', 'DVDR', '', 'The Holiday', 2006),
(1868, b'0', 'DVDR', '', 'Water for Elephants', 2011),
(1869, b'0', 'DVDR', '', 'Green Street Hooligans', 2005),
(1870, b'0', 'DVDR', '', 'Green Street Hooligans 2', 2009),
(1871, b'0', 'DVDR', '', 'Apocalypse Now', 1979),
(1872, b'0', 'DVDR', '', 'The Joneses', 2009),
(1873, b'0', 'DVDR', '', 'The Graduate', 1967),
(1874, b'0', 'DVDR', '', 'TRON/TRON: Legacy', 1982),
(1875, b'0', 'DVDR', '', 'Jurassic Park', 1993),
(1876, b'0', 'DVDR', '', 'The Lost World: Jurassic Park', 1997),
(1877, b'0', 'DVDR', '', 'Jurassic Park III', 2001),
(1878, b'0', 'DVDR', '', 'Jurassic World', 2015),
(1879, b'0', 'DVDR', '', 'Jurassic City', 2015),
(1880, b'0', 'DVDR', '', 'Against All Odds', 1984),
(1881, b'0', 'DVDR', '', 'Jersey Girl', 2004),
(2268, b'0', 'DVDR', '', 'In the Electric Mist', 2009),
(2269, b'0', 'DVDR', '', 'Peacock', 2010),
(2270, b'0', 'DVDR', '', 'Trust', 2010),
(2271, b'0', 'DVDR', '', 'Source Code', 2011),
(2272, b'0', 'DVDR', '', 'Elena Undone', 2010),
(2273, b'0', 'DVDR', '', 'Basic Instinct', 1992),
(2274, b'0', 'DVDR', '', 'Disclosure', 1994),
(2275, b'0', 'DVDR', '', 'Limitless', 2011),
(2276, b'1', 'DVDR', '', 'Last Night', 2010),
(2277, b'0', 'DVDR', '', 'Like Dandelion Dust', 2009),
(2278, b'0', 'DVDR', '', 'Livvakterna', 2001),
(2279, b'0', 'DVDR', '', 'Noll tolerans', 1996),
(2280, b'0', 'DVDR', '', 'Street Kings 2: Motor City', 2011),
(2281, b'0', 'DVDR', '', 'In Her Skin', 2009),
(2282, b'0', 'DVDR', '', 'Sunstorm/Solstorm', 2007),
(2283, b'0', 'DVDR', '', 'Changeling', 2008),
(2284, b'0', 'DVDR', '', 'The Beaver', 2011),
(2285, b'0', 'DVDR', '', 'The Rite', 2011),
(2286, b'0', 'DVDR', '', 'Swingers', 2002),
(2287, b'0', 'DVDR', '', 'I Am Number Four', 2011),
(2288, b'0', 'DVDR', '', 'Space Cowboys', 2000),
(2289, b'0', 'DVDR', '', 'The Hangover Part II', 2011),
(2290, b'0', 'DVDR', '', 'Bad Teacher', 2011),
(2291, b'0', 'DVDR', '', 'Blood Diamond', 2006),
(2292, b'0', 'DVDR', '', 'Manhunter', 1986),
(2293, b'0', 'DVDR', '', 'The Silence of the Lambs', 1991),
(2294, b'0', 'DVDR', '', 'Hannibal', 2001),
(2295, b'0', 'DVDR', '', 'Red Dragon', 2002),
(2296, b'0', 'DVDR', '', 'Hannibal Rising', 2007),
(2297, b'0', 'DVDR', '', 'Animal Kingdom', 2010),
(2298, b'0', 'DVDR', '', 'The Resident', 2011),
(2299, b'0', 'DVDR', '', 'One Hour Photo', 2002),
(2300, b'0', 'DVDR', '', 'Rogue', 2007),
(2301, b'0', 'DVDR', '', 'The Entitled', 2011),
(2302, b'0', 'DVDR', '', 'London Boulevard', 2010),
(2303, b'0', 'DVDR', '', 'Blue Valentine', 2010),
(2304, b'0', 'DVDR', '', 'Blitz', 2011),
(2305, b'0', 'DVDR', '', 'Gooische vrouwen', 2011),
(2306, b'0', 'DVDR', '', 'Snabba Cash', 2010),
(2307, b'0', 'DVDR', '', 'The Invention of Lying', 2009),
(2308, b'0', 'DVDR', '', 'The Painted Veil', 2006),
(2309, b'0', 'DVDR', '', 'Country Strong', 2010),
(2310, b'0', 'DVDR', '', 'Marley & Me: The Puppy Years', 2011),
(2311, b'0', 'DVDR', '', 'Wild Target', 2010),
(2312, b'0', 'DVDR', '', 'The Sorcerer s Apprentice', 2010),
(2313, b'0', 'DVDR', '', 'Colombiana', 2011),
(2314, b'0', 'DVDR', '', 'Sleepwalking', 2008),
(2315, b'0', 'DVDR', '', 'Whistleblower', 2010),
(2316, b'0', 'DVDR', '', 'Contre toi', 2010),
(2317, b'0', 'DVDR', '', 'The Contender', 2000),
(2318, b'0', 'DVDR', '', 'World Invasion: Battle Los Angeles', 2011),
(2319, b'0', 'DVDR', '', 'Fifty Dead Men Walking', 2008),
(2320, b'0', 'DVDR', '', 'Indecent Proposal', 1993),
(2321, b'0', 'DVDR', '', 'What Doesn t Kill You', 2008),
(2322, b'0', 'DVDR', '', 'A Single Man', 2009),
(2323, b'0', 'DVDR', '', 'Definitely, Maybe', 2008),
(2324, b'0', 'DVDR', '', 'The River Murders', 2011),
(2325, b'0', 'DVDR', '', 'Trespass', 2011),
(2326, b'0', 'DVDR', '', 'Killer Elite', 2011),
(2327, b'0', 'DVDR', '', 'The Life Before Her Eyes', 2007),
(2328, b'0', 'DVDR', '', '101 Dalmatians', 1996),
(2329, b'0', 'DVDR', '', '102 Dalmatians', 2000),
(2330, b'0', 'DVDR', '', 'free willy', 1993),
(2331, b'0', 'DVDR', '', 'Free Willy 2: The Adventure Home', 1995),
(2332, b'0', 'DVDR', '', 'Free Willy 3: The Rescue', 1997),
(2333, b'0', 'DVDR', '', 'Free Willy: Escape from Pirate s Cove', 2010),
(2334, b'0', 'DVDR', '', 'Beethoven', 1992),
(2335, b'0', 'DVDR', '', 'Beethoven s 2nd', 1993),
(2336, b'0', 'DVDR', '', 'Beethoven s 3rd', 2000),
(2337, b'0', 'DVDR', '', 'Beethoven s 4th', 2001),
(2338, b'0', 'DVDR', '', 'Beethoven s 5th', 2003),
(2339, b'0', 'DVDR', '', 'Beethoven s Big Break', 2008),
(2340, b'0', 'DVDR', '', 'Anger Management', 2003),
(2341, b'0', 'DVDR', '', 'Terms of Endearment', 1983),
(2342, b'0', 'DVDR', '', 'Blood and Wine', 1996),
(2343, b'0', 'DVDR', '', 'Hoffa', 1992),
(2344, b'0', 'DVDR', '', 'The Border', 1982),
(2345, b'0', 'DVDR', '', 'Something s Gotta Give', 2003),
(2346, b'0', 'DVDR', '', 'As Good as It Gets', 1997),
(2347, b'0', 'DVDR', '', 'How Do You Know', 2010),
(2348, b'0', 'DVDR', '', 'Easy Rider', 1969),
(2349, b'0', 'DVDR', '', 'One Flew Over the Cuckoo s Nest', 1975),
(2350, b'0', 'DVDR', '', 'Drive', 2011),
(2351, b'0', 'DVDR', '', 'Carriers', 2009),
(2352, b'0', 'DVDR', '', 'The Shining', 1980),
(2353, b'0', 'DVDR', '', 'Crazy, Stupid, Love.', 2011),
(2354, b'0', 'DVDR', '', 'The Music Never Stopped', 2011),
(2355, b'0', 'DVDR', '', 'Barry Munday', 2010),
(2356, b'0', 'DVDR', '', 'Mr. Nice', 2010),
(2357, b'0', 'DVDR', '', 'Howl', 2010),
(2358, b'0', 'DVDR', '', 'La Femme Nikita', 1990),
(2359, b'0', 'DVDR', '', 'The Change-Up', 2011),
(2360, b'0', 'DVDR', '', 'Hot Fuzz', 2007),
(2361, b'0', 'DVDR', '', 'K-9', 1989),
(2843, b'0', 'DVDR', '', 'K-9: P.I.', 2002),
(2844, b'0', 'DVDR', '', 'K-911', 1999),
(2845, b'1', 'DVDR', '', 'Don t Be Afraid of the Dark', 2010),
(2846, b'1', 'DVDR', '', 'The Debt', 2010),
(2847, b'0', 'DVDR', '', 'One Day', 2011),
(2848, b'0', 'DVDR', '', 'De Heineken ontvoering', 2011),
(2849, b'0', 'DVDR', '', 'All Good Things', 2010),
(2850, b'0', 'DVDR', '', 'Our Family Wedding', 2010),
(2851, b'0', 'DVDR', '', 'Schemer/Dusk', 2010),
(2852, b'0', 'DVDR', '', 'The Rum Diary', 2011),
(2853, b'0', 'DVDR', '', 'The Client', 1994),
(2854, b'0', 'DVDR', '', 'A Dangerous Method', 2011),
(2855, b'0', 'DVDR', '', 'De Bende van Oss', 2011),
(2856, b'0', 'DVDR', '', 'Extremely Loud & Incredibly Close', 2011),
(2857, b'0', 'DVDR', '', 'The Artist', 2011),
(2858, b'0', 'DVDR', '', 'This Must Be the Place', 2011),
(2859, b'0', 'DVDR', '', 'We Need to Talk About Kevin', 2011),
(2860, b'0', 'DVDR', '', 'Hugo', 2011),
(2861, b'0', 'DVDR', '', 'J. Edgar', 2011),
(2862, b'0', 'DVDR', '', 'Margin Call', 2011),
(2863, b'0', 'DVDR', '', 'Perfect Sense', 2011),
(2864, b'0', 'DVDR', '', 'Seeking Justice', 2011),
(2865, b'0', 'DVDR', '', 'The Grey', 2011),
(2866, b'0', 'DVDR', '', 'A Family', 2010),
(2867, b'0', 'DVDR', '', 'De zaak Alzheimer/The Memory of a Killer', 2003),
(2868, b'0', 'DVDR', '', 'Jin líng shí san chai/The Flowers of War', 2011),
(2869, b'0', 'DVDR', '', 'The Mortician', 2011),
(2870, b'0', 'DVDR', '', 'Henry & June', 1990),
(2871, b'0', 'DVDR', '', 'The Ledge', 2011),
(2872, b'0', 'DVDR', '', 'Footloose', 1984),
(2873, b'0', 'DVDR', '', 'Jaws', 1975),
(2874, b'0', 'DVDR', '', 'Jaws 2', 1978),
(2875, b'0', 'DVDR', '', 'Jaws 3-D', 1983),
(2876, b'0', 'DVDR', '', 'Jaws: The Revenge', 1987),
(2877, b'0', 'DVDR', '', 'My Week with Marilyn', 2011),
(2878, b'0', 'DVDR', '', 'De onfatsoenlijke vrouw', 1991),
(2879, b'0', 'DVDR', '', 'The Da Vinci Code', 2006),
(2880, b'0', 'DVDR', '', 'The Machinist', 2004),
(2881, b'0', 'DVDR', '', 'Iron Eagle', 1986),
(2882, b'0', 'DVDR', '', 'Iron Eagle II', 1988),
(2883, b'0', 'DVDR', '', 'Aces: Iron Eagle III', 1992),
(2884, b'0', 'DVDR', '', 'Young Adult', 2011),
(2885, b'0', 'DVDR', '', 'Dirty Harry', 1971),
(2886, b'0', 'DVDR', '', 'Dirty Harry 2/Magnum Force', 1973),
(2887, b'0', 'DVDR', '', 'Dirty Harry 3/The Enforcer', 1976),
(2888, b'0', 'DVDR', '', 'Dirty Harry 4/Sudden Impact', 1983),
(2889, b'0', 'DVDR', '', 'Dirty Harry 5/The Dead Pool', 1988),
(2890, b'0', 'DVDR', '', 'Dirty Harry: 2000 - Out Of The Shadows', 2000),
(2891, b'0', 'DVDR', '', 'The Karate Kid, Part II', 1986),
(2892, b'0', 'DVDR', '', 'The Karate Kid, Part III', 1989),
(2893, b'0', 'DVDR', '', 'Real Steel', 2011),
(2894, b'0', 'DVDR', '', 'Angels & Demons', 2009),
(2895, b'0', 'DVDR', '', 'Carnage', 2011),
(2896, b'0', 'DVDR', '', 'Goon', 2011),
(2897, b'0', 'DVDR', '', 'Recoil', 2011),
(2898, b'0', 'DVDR', '', 'SM-rechter', 2009),
(2899, b'0', 'DVDR', '', 'TBS', 2008),
(2900, b'0', 'DVDR', '', 'All Stars', 1997),
(2901, b'0', 'DVDR', '', 'All Stars 2: Old Stars', 2011),
(2902, b'0', 'DVDR', '', 'Capote', 2005),
(2903, b'0', 'DVDR', '', 'The English Patient', 1996),
(2904, b'0', 'DVDR', '', 'Unforgiven', 1992),
(2905, b'0', 'DVDR', '', 'Waiting to Exhale', 1995),
(2906, b'0', 'DVDR', '', 'The Caveman s Valentine', 2001),
(2907, b'0', 'DVDR', '', 'The Groomsmen', 2006),
(2908, b'0', 'DVDR', '', 'Requiem for a Dream', 2000),
(2909, b'0', 'DVDR', '', 'Even Money', 2006),
(2910, b'0', 'DVDR', '', 'Eagle Eye', 2008),
(2911, b'0', 'DVDR', '', 'Johnny Depp: Donnie Brasco', 1997),
(2912, b'0', 'DVDR', '', 'Johnny Depp: Sleep Hollow', 1999),
(2913, b'0', 'DVDR', '', 'Johnny Depp: Chococlate', 2000),
(2914, b'0', 'DVDR', '', 'Johnny Depp: Once Upon a Time in Mexico', 2003),
(2915, b'0', 'DVDR', '', 'Johnny Depp: Sweeney Todd: The Demon Barber of Fleet Street', 2007),
(2916, b'0', 'DVDR', '', 'Johnny Depp: Public Enemies', 2009),
(2917, b'0', 'DVDR', '', 'Johnny Depp: Pirates of the Caribbean: The Curse of the Black Pearl', 2003),
(2918, b'0', 'DVDR', '', 'Johnny Depp: Pirates of the Caribbean: Dead Man s Chest', 2006),
(2919, b'0', 'DVDR', '', 'Johnny Depp: Pirates of the Caribbean: At World s End', 2007),
(2920, b'0', 'DVDR', '', 'Johnny Depp: Finding Neverland', 2004),
(2921, b'0', 'DVDR', '', 'Johnny Depp: The Imaginarium of Doctor Parnassus', 2009),
(2922, b'0', 'DVDR', '', 'Johnny Depp: Alice in Wonderland', 2010),
(2923, b'0', 'DVDR', '', 'Johnny Depp: The Tourist', 2010),
(2924, b'0', 'DVDR', '', 'Johnny Depp: Rango', 2011),
(2925, b'0', 'DVDR', '', 'Johnny Depp: The Rum Diary', 2011),
(2926, b'0', 'DVDR', '', 'Johnny Depp: Jack and Jill', 2011),
(2927, b'0', 'DVDR', '', 'Johnny Depp: Benny & Joon', 1993),
(2928, b'0', 'DVDR', '', 'Johnny Depp: The Libertine', 2004),
(2929, b'0', 'DVDR', '', 'Batman', 1989),
(2930, b'0', 'DVDR', '', 'Batman Returns', 1992),
(2931, b'0', 'DVDR', '', 'Batman Forever', 1995),
(2932, b'0', 'DVDR', '', 'Batman & Robin', 1997),
(2933, b'0', 'DVDR', '', 'Batman Begins', 2005),
(2934, b'0', 'DVDR', '', 'Catch Me If You Can', 2002),
(2935, b'0', 'DVDR', '', 'Cowboys & Aliens', 2011),
(2936, b'0', 'DVDR', '', 'Nine 1/2 Weeks', 1986),
(2937, b'0', 'DVDR', '', 'The Lovely Bones', 2009),
(2938, b'0', 'DVDR', '', 'Saving Private Ryan', 1998),
(2939, b'0', 'DVDR', '', 'E.T. the Extra-Terrestrial', 1982),
(2940, b'0', 'DVDR', '', 'The Librarian: Quest for the Spear', 2004),
(2941, b'0', 'DVDR', '', 'Titanic', 1997),
(2942, b'0', 'DVDR', '', 'Wild Orchid', 1989),
(2943, b'0', 'DVDR', '', 'Contraband', 2012),
(2944, b'0', 'DVDR', '', 'Into the Abyss', 2011),
(2945, b'0', 'DVDR', '', 'Bird', 1988),
(2946, b'0', 'DVDR', '', 'Haywire', 2011),
(2947, b'0', 'DVDR', '', 'Midnight Express', 1978),
(2948, b'0', 'DVDR', '', 'Midnight in the Garden of Good and Evil', 1997),
(2949, b'0', 'DVDR', '', 'Shame', 2011),
(2950, b'0', 'DVDR', '', 'Stone', 2010),
(2951, b'0', 'DVDR', '', 'Striptease', 1996),
(2952, b'0', 'DVDR', '', 'The Vow', 2012),
(2953, b'0', 'DVDR', '', 'White Hunter Black Heart', 1990),
(2954, b'0', 'DVDR', '', 'True Crime', 1999),
(2955, b'0', 'DVDR', '', 'Kort Amerikaans/Crew Cut', 1979),
(2956, b'0', 'DVDR', '', 'Twee Vrouwen/Twice a Woman', 1979),
(2957, b'1', 'DVDR', '2-DVDs', 'Schindler s List', 1993),
(2958, b'0', 'DVDR', '', 'Riverworld', 2010),
(2959, b'0', 'DVDR', '', 'Iron Man', 2008),
(2960, b'0', 'DVDR', '', 'Super 8', 2011),
(2961, b'0', 'DVDR', '', 'Iron Man 2', 2010),
(2962, b'0', 'DVDR', '', 'Shelter', 2010),
(2963, b'0', 'DVDR', '', 'Win/Win', 2010),
(2964, b'0', 'DVDR', '', 'Les petits mouchoirs/Little White Lies', 2010),
(2965, b'0', 'DVDR', '', 'Beginners', 2010),
(2966, b'0', 'DVDR', '', 'Flicka: Country Pride', 2012),
(2967, b'0', 'DVDR', '', 'In My Sleep', 2010),
(2968, b'0', 'DVDR', '', 'Semi-Pro', 2008),
(2969, b'0', 'DVDR', '', 'The Game', 1997),
(2970, b'0', 'DVDR', '', 'Caged', 2011),
(2971, b'0', 'DVDR', '', 'Instinct', 1999),
(2972, b'0', 'DVDR', '', 'Finding Amanda', 2008),
(2973, b'0', 'DVDR', '', 'Svinalängorna/Beyond', 2010),
(2974, b'0', 'DVDR', '', 'Jesse Stone: Benefit of the Doubt', 2012),
(2975, b'0', 'DVDR', '', 'Keith', 2008),
(2976, b'0', 'DVDR', '', 'Sudden Impact', 1983),
(2977, b'0', 'DVDR', '', 'This Means War', 2012),
(2978, b'0', 'DVDR', '', 'Welcome to Mooseport', 2004),
(2979, b'0', 'DVDR', '', 'A Lot Like Love', 2005),
(2980, b'0', 'DVDR', '', 'National Security', 2003),
(2981, b'0', 'DVDR', '', 'Prison Break The Final Break', 2009),
(2982, b'0', 'DVDR', '', 'Undisputed', 2002),
(2983, b'0', 'DVD', '', 'Blindness', 2008),
(2984, b'1', 'DVD', '', 'Gifted Hands', 2009),
(2985, b'1', 'DVD', 'DVD hapert/DVDR versie beschikbaar', 'Faster', 2010),
(2986, b'1', 'DVD', '', 'Reign Over Me', 2007),
(2987, b'0', 'DVDR', '', 'The Reef', 2010),
(2988, b'1', 'DVD', '', 'Intouchables', 2011),
(2989, b'0', 'DVDR', '', 'Rabbit Hole', 2010),
(2990, b'0', 'DVD', '', 'The Lucky One', 2012),
(2991, b'1', 'DVDR', '', 'Lockout', 2012),
(2992, b'0', 'DVDR', '', 'My Fellow Americans', 1996),
(2993, b'0', 'DVDR', '', 'Safe', 2012),
(2994, b'0', 'DVDR', '', 'Snow White and the Huntsman', 2012),
(2995, b'0', 'DVDR', '', 'Down in the Delta', 1998),
(2996, b'0', 'DVDR', '', 'Der Untergang/Downfall', 2004),
(2997, b'0', 'DVDR', '', 'I Am Sam', 2001),
(2998, b'0', 'DVDR', '', 'Moonstruck', 1987),
(2999, b'0', 'DVDR', '', 'Domino', 2005),
(3000, b'0', 'DVDR', '', 'The Pianist', 2002),
(3001, b'0', 'DVDR', '', 'Apollo 13', 1995),
(3002, b'0', 'DVDR', '', 'Eye for an Eye', 1996),
(3003, b'0', 'DVDR', '', 'Desert Saints', 2002),
(3004, b'1', 'DVDR', '', 'The Fugitive', 1993),
(3005, b'1', 'DVD', '', 'The Help', 2011),
(3006, b'0', 'DVD', 'no subtitles', 'After Thomas', 2006),
(3007, b'0', 'DVDR', '', 'Ted', 2012),
(3008, b'0', 'DVDR', '', 'Good Deeds', 2012),
(3009, b'0', 'DVDR', '', 'Foster', 2011),
(3010, b'0', '', '', 'Sneakers', 1992),
(3011, b'0', '', '', 'Code 46', 2003),
(3012, b'0', '', '', 'Confessions of a Shopaholic', 2009),
(3013, b'0', '', '', 'The Cry of the Owl', 2009),
(3014, b'0', '', '', 'Dark Country', 2009),
(3015, b'0', '', '', 'Fighting', 2009),
(3016, b'0', '', '', 'Le fils de l autre', 2012),
(3017, b'0', '', '', 'Cloverfield', 2008),
(3018, b'0', '', '', 'Heartbreak Ridge', 1986),
(3019, b'0', '', '', 'Heist', 2001),
(3020, b'0', '', '', 'The Aviator', 2004),
(3021, b'0', '', '', 'Birdy', 1984),
(3022, b'0', '', '', 'Twilight', 2008),
(3023, b'0', '', '', 'The Twilight Saga: New Moon', 2009),
(3024, b'0', '', '', 'The Twilight Saga: Eclipse', 2010),
(3025, b'0', '', '', 'The Twilight Saga: Breaking Dawn (part 1)', 2011),
(3026, b'0', '', '', 'The Twilight Saga: Breaking Dawn (part 2)', 2012),
(3027, b'0', 'DVD', '', 'The Bourne Legacy', 2012),
(3028, b'0', '', '', 'Thank God It s Friday', 1978),
(3029, b'0', '', '', 'Sharpay s Fabulous Adventure', 2011),
(3030, b'0', '', '', 'Deadfall', 2012),
(3031, b'0', '', '', 'Resurrection', 1999),
(3032, b'1', 'DVDR', '2-DVDS', 'Aldo Moro', 2008),
(3033, b'0', 'DVDR', '', 'Freight/Shank', 0),
(3423, b'0', 'DVDR', '', 'Sex and the City 2 (2010) & The A-Team (2010)-BOX 10', 2010),
(3424, b'0', 'DVDR', '', 'Knight and Day (2010) & The Karate Kid (2010)-BOX 19', 2010),
(3425, b'0', '', '', 'how the west was won', 0),
(3426, b'0', 'DVDR', '', 'Melancholia', 2011),
(3427, b'0', 'DVDR', '', 'Lars and the Real Girl', 2007),
(3428, b'0', '', '', 'Argo', 2012),
(3429, b'0', 'DVDR', '', 'Close Encounters of the Third Kind', 1977),
(3430, b'0', 'DVDR', '', 'Hit and Run', 2012),
(3431, b'0', '', '', 'The Sting', 1973),
(3432, b'0', '', '', 'Babycall', 2011),
(3433, b'0', '', '', 'Ronin', 1998),
(3434, b'0', '', '', 'Hackers', 1995),
(3435, b'0', '', '', 'I Am Gabriel', 2012),
(3436, b'0', '', '', 'The Hunter', 2010),
(3437, b'0', '', '', 'Streetdance 2', 2012),
(3438, b'0', 'DVDR', '', 'oscars', 0),
(3439, b'0', '', '', 'Soldiers of Fortune', 2012),
(3440, b'0', '', '', 'Salvation Boulevard', 2011),
(3441, b'0', '', '', 'info-2X SRT Movies Box 173 = Game Change (2012) & Love (2011)', 2011),
(3442, b'0', '', '', 'info-2 X Movie Box 43 = Beyond (2012) & Freerunner (2011)', 2011),
(3443, b'0', '', '', 'Salmon Fishing in the Yemen', 2011),
(3444, b'0', '', '', 'Trouble with the Curve', 2012),
(3445, b'0', '', '', 'The Five-Year Engagement', 2012),
(3446, b'0', '', '', 'Your Sister s Sister', 2011),
(3447, b'0', '', '', 'Welcome to the Rileys', 2010),
(3448, b'0', '', '', 'End of Watch', 2012),
(3449, b'0', '', '', 'The Words', 2012),
(3450, b'0', '', '', 'Sleepless Night/Nuit blanche', 2011),
(3451, b'0', '', '', 'Edwin Boyd', 2011),
(3452, b'0', '', '', 'Prometheus', 2012),
(3453, b'0', '', '', 'Step Up 4 Miami Heat', 2012),
(3454, b'0', '', '', 'El Mal Ajeno - For the Good of Others', 2010),
(3455, b'0', '', '', 'Catch That Kid', 2004),
(3456, b'0', '', '', 'The Cake Eaters', 2007),
(3457, b'0', '', '', 'Cosmopolis', 2012),
(3458, b'0', '', '', 'What to Expect When You re Expecting', 2012),
(3459, b'0', '', '', '21 Jump Street', 2012),
(3460, b'0', '', '', 'About Cherry', 2012),
(3461, b'0', '', '', 'Alex Cross', 2012),
(3462, b'0', '', '', 'Being Flynn', 2012),
(3463, b'0', '', '', 'Dark Shadows', 2012),
(3464, b'0', '', '', 'The Philly Kid', 2012),
(3465, b'0', '', '', 'The Avengers', 2012),
(3466, b'0', '', '', 'The Dark Knight Rises', 2012),
(3467, b'0', '', '', 'In the Land of Women', 2007),
(3468, b'0', '', '', 'Bel Ami', 2012),
(3469, b'0', '', '', 'The Deep Blue Sea', 2011),
(3470, b'0', '', '', 'Ruby Sparks', 2012),
(3471, b'0', '', '', '360', 2011),
(3472, b'0', '', '', 'Red Dog', 2011),
(3473, b'0', '', '', 'Five Fingers', 2006),
(3474, b'0', '', '', 'Lawless', 2012),
(3475, b'0', '', '', 'Artificial Intelligence AI', 2001),
(3476, b'0', '', '', 'The Raven', 2012),
(3477, b'0', '', '', 'White Fang', 1991),
(3478, b'0', '', '', 'White Fang 2: Myth of the White Wolf', 1994),
(3479, b'1', '', 'Definitive Collection', 'X-Men', 2000),
(3480, b'0', '', '', 'X-Men: The Last Stand', 2006),
(3481, b'1', '', 'Special Edition', 'X2', 2003),
(3482, b'0', '', '', 'X-Men Origins: Wolverine', 2009),
(3483, b'0', '', '', 'Thunderheart', 1992),
(3484, b'0', '', '', 'Adventureland', 2009),
(3485, b'0', '', '', 'Chocolate', 2008),
(3486, b'0', '', '', 'Year of the Dog', 2007),
(3487, b'0', '', '', 'Taken 2', 2012),
(3488, b'0', '', '', 'The Paperboy', 2012),
(3489, b'0', '', '', 'Cloud Atlas', 2012),
(3490, b'0', '', '', 'Won t Back Down', 2012),
(3491, b'0', '', '', 'Shadow Dancer', 2012),
(3492, b'0', '', '', 'The Sessions', 2012),
(3493, b'0', '', '', 'Zero Dark Thirty', 2012),
(3494, b'0', '', '', 'Hodejegerne - Headhunters', 2011),
(3495, b'0', '', '', 'Olycksfågeln/The Jinx', 2010),
(3496, b'0', '', '', 'À l aveugle', 2012),
(3497, b'0', '', '', 'Hijacked', 2012),
(3498, b'0', '', '', 'Alting bliver godt igen', 2010),
(3499, b'0', '', '', 'Före stormen/Before the Storm', 2000),
(3500, b'0', '', '', 'Red Dawn', 2012),
(3501, b'0', '', '', 'Life of Pi', 2012),
(3502, b'0', '', '', 'Riddle', 2013),
(3503, b'0', '', '', 'The Brotherhood of Justice', 1986),
(3504, b'0', '', '', '186 Dollars to Freedom', 2012),
(3505, b'0', '', '', 'Django Unchained', 2012),
(3506, b'0', '', '', 'Dans la maison', 2012),
(3507, b'0', '', '', 'The Last Stand', 2013),
(3508, b'0', '', '', 'Silver Linings Playbook', 2012),
(3509, b'0', '', '', 'Hitchcock', 2012),
(3510, b'0', '', '', 'Jar City / Mýrin', 2006),
(3511, b'0', '', '', 'The Clearing', 2004),
(3512, b'0', '', '', 'The Forgotten', 2004),
(3513, b'0', '', '', 'Apollo 18', 2011),
(3514, b'0', '', '', 'Dirty Dancing', 1987),
(3515, b'0', '', '', 'Suspect Zero', 2004),
(3516, b'0', '', '', 'Duma', 2005),
(3517, b'0', '', '', 'Firehouse Dog', 2007),
(3615, b'0', '', '', 'The Dog Problem', 2006),
(3616, b'0', '', '', 'The Twilight Samuari / Tasogare Seibei', 2002),
(3617, b'0', '', '', 'Will', 2011),
(3618, b'0', 'DVD', '', 'The Celestine Prophecy', 2006),
(3619, b'0', 'DVD', '', 'Whisper', 2007),
(3620, b'0', '', '', 'Pawn', 2013),
(3621, b'0', '', '', 'The Devil  s in the Details', 2013),
(3622, b'0', '', '', 'To the Wonder', 2012),
(3623, b'0', '', '', 'Harodim', 2012),
(3624, b'0', '', '', '90 minutter/90 minutes', 2012),
(3625, b'0', '', '', 'The Wolfman', 2010),
(3626, b'0', '', '', 'Skyfall', 2012),
(3627, b'0', '', '', 'Zookeeper', 2011),
(3628, b'0', '', '', 'Crush', 2013),
(3629, b'0', '', '', 'Safe Haven', 2013),
(3630, b'0', '', '', 'Gangster Squad', 2012),
(3631, b'0', '', '', 'The Company You Keep', 2012),
(3632, b'0', '', '', 'Parker', 2013),
(3633, b'0', '', '', 'Side Effects', 2013),
(3634, b'0', '', '', 'Hot in Cleveland', 0),
(3635, b'0', '', '', 'Dark Skies', 2013),
(3636, b'0', '', '', 'Assault on Wall Street', 2013),
(3637, b'0', '', '', 'Snitch', 2013),
(3638, b'0', '', '', 'Broken City', 2013),
(3639, b'0', '', '', 'Gambit', 2012),
(3640, b'0', '', '', 'Premium Rush', 2012),
(3641, b'0', '', '', 'Sofia / Assassin s Bullet', 2012),
(3642, b'0', '', '', 'Assassins Run / White Swan', 2013),
(3643, b'0', '', '', 'Stolen', 2012),
(3644, b'0', '', '', 'Thunderstruck', 2012),
(3645, b'0', '', '', 'Spetters', 1980),
(3646, b'0', '', '', 'Abraham Lincoln: Vampire Hunter', 2012),
(3647, b'0', '', '', 'For the Love of Money/Gangster Squad', 2012),
(3648, b'0', '', '', 'Stoker', 2013),
(3649, b'0', 'DVDR', '', 'Donato and Daughter', 1993),
(3650, b'0', '', '', 'Dying of the Light', 2014),
(3651, b'0', '', '', 'The English Teacher', 2013),
(3652, b'0', '', '', 'The Rambler', 2013),
(3653, b'0', '', '', 'The Numbers Station', 2013),
(3654, b'0', '', '', 'Trade of Innocents', 2012),
(3655, b'0', '', '', 'Tyson', 2008),
(3656, b'0', '', '', 'A Dark Truth', 2012),
(3657, b'0', '', '', 'Jagten/The Hunt', 2012),
(3658, b'0', '', '', 'Phantom', 2013),
(3659, b'0', '', '', 'The Darwin Awards', 2006),
(3660, b'0', '', '', 'G.I. Joe Retaliation', 2013),
(3661, b'0', '', '', 'Trance', 2013),
(3662, b'0', '', '', 'The Jazz Singer', 1980),
(3663, b'0', '', '', 'Rushlights', 2013),
(3664, b'0', '', '', 'Playing for Keeps', 2012),
(3665, b'1', 'DVDR', '', 'All the President s Men', 1976),
(3666, b'0', 'divx', '', 'Amadeus', 1984),
(3667, b'0', 'divx', '', 'Christiane F. - Wir Kinder vom Bahnhof Zoo', 1981),
(3668, b'0', '', '', 'Con Air', 1997),
(3669, b'0', '', '', 'Bullet to the Head', 2012),
(3670, b'0', '', '', 'Olympus Has Fallen', 2013),
(3671, b'0', '', '', 'Pain & Gain', 2013),
(3672, b'0', '', '', 'Skytten', 2013),
(3673, b'0', '', '', 'Summoned', 2013),
(3674, b'0', '', '', 'Places in the Heart', 1984),
(3675, b'0', '', '', 'Only God Forgives', 2013),
(3676, b'0', '', '', 'De Vierde Man', 1983),
(3677, b'0', '', '', 'Ceremony', 2010),
(3678, b'0', '', '', 'Comme un chef', 2012),
(3679, b'0', 'divx', '', 'Hummingbird', 2013),
(3680, b'0', '', '', 'Europa Report', 2013),
(3681, b'0', '', '', 'The Thing', 2011),
(3682, b'0', '', '', 'Connors War', 2006),
(3683, b'0', '', '', '12 Days of Terror', 2004),
(3684, b'0', 'divx', '', 'Death Race', 2008),
(3685, b'0', 'divx', '', 'Death Race 2', 2010),
(3686, b'0', '', '', 'No', 2012),
(3687, b'0', 'divx', '', 'Green Lantern', 2011),
(3688, b'0', 'divx', '', 'Inhale', 2010),
(3689, b'0', '', '', 'Caught in the Crossfire', 2010),
(3690, b'0', 'divx', '', 'Jerusalem Countdown', 2011),
(3691, b'0', '', '', 'In Time', 2011),
(3692, b'0', '', '', 'Texas Killing Fields', 2011),
(3693, b'0', '', '', 'The Big Wedding', 2013),
(3694, b'0', '', '', 'White House Down', 2013),
(3695, b'0', '', '', 'Iron Man 3', 2013),
(3696, b'0', '', '', 'Lovelace', 2013),
(3697, b'0', '', '', 'The Place Beyond The Pines', 2012),
(3698, b'0', '', '', 'The Great Gatsby', 2013),
(3699, b'0', 'divx', '', 'Another Happy Day', 2011),
(3700, b'0', '', '', 'The Domino Principle/The Domino Killings', 1977),
(3701, b'0', '', '', 'Arthur Newman', 2012),
(3702, b'0', '', '', 'The Frozen Ground', 2013),
(3703, b'0', '', '', 'A Fish Called Wanda', 1988),
(3704, b'0', '', '', 'Resident Evil: Apocalypse', 2004),
(3705, b'0', '', '', 'The Hangover Part III', 2013),
(3706, b'0', '', '', 'Empire State', 2013),
(3707, b'0', '', '', 'Gamer', 2009),
(3708, b'0', '', '', 'The Iceman', 2012),
(3709, b'0', '', '', 'Hatchet', 2006),
(3710, b'0', '', '', 'Hatchet II', 2010),
(3711, b'0', '', '', 'Heavenly Creatures', 1994),
(3712, b'0', '', '', 'jOBS', 2013),
(3713, b'0', '', '', 'The Family/Malavita', 2013),
(3714, b'0', '', '', 'The East', 2013),
(3715, b'0', '', '', 'Why Did I Get Married?', 2007),
(3716, b'0', '', '', 'Love and Honor', 2013),
(3717, b'0', '', '', 'The Marine 3: Homefront', 2013),
(3718, b'0', '', '', 'The Lone Ranger', 2013),
(3719, b'0', '', '', 'The Conjuring', 2013),
(3720, b'0', '', '', 'The Motel Life', 2012),
(3721, b'0', '', '', 'And While We Were Here', 2012),
(3722, b'0', '', '', 'Blue Caprice', 2013),
(3723, b'0', '', '', 'We re the Millers', 2013),
(3724, b'0', '', '', 'I lossens time', 2013),
(3725, b'0', '', '', ' K-11 aka Cell Block 11', 2012),
(3726, b'0', '', '', 'Casino Jack', 2010),
(3727, b'0', '', '', 'Runner Runner', 2013),
(3728, b'0', 'DVD', '', 'The Butler', 2013),
(3729, b'0', '', '', 'The Lifeguard', 2013),
(3730, b'0', '', '', 'Out of the Furnace', 2013),
(3731, b'0', '', '', 'A Common Man', 2013),
(3732, b'0', '', '', 'Before Midnight', 2013),
(3733, b'0', '', '', 'Faro', 2013),
(3734, b'0', '', '', 'R.I.P.D.', 2013),
(3735, b'0', '', '', 'The Truth About Emanuel', 2013),
(3736, b'0', '', '', 'Fin', 2012),
(3737, b'0', '', '', 'The Wolverine', 2013),
(3738, b'0', '', '', 'Jag etter vind', 2013),
(3739, b'0', '', '', 'All Is Lost', 2013),
(3740, b'0', '', '', 'About Time', 2013),
(5094, b'0', '', '', 'Fjällbackamorden: Ljusets drottning', 2013),
(5095, b'0', '', '', 'De Prooi miniserie', 2013),
(5096, b'0', '', '', 'Escape Plan', 2013),
(5097, b'0', '', '', 'Diana', 2013),
(5098, b'0', '', '', 'Last Vegas', 2013),
(5099, b'0', '', '', 'The Internship', 2013),
(5100, b'0', '', '', 'This Is the End', 2013),
(5101, b'0', '', '', 'Captain Phillips', 2013),
(5102, b'0', '', '', 'The Wolf of Wall Street', 2013),
(5103, b'0', '', '', 'Mandela: Long Walk to Freedom', 2013),
(5104, b'0', '', '', 'Bébé(s)', 2010),
(5105, b'0', '', '', 'Love s Everlasting Courage', 2011),
(5106, b'0', '', '', 'The Greatest Game Ever Played', 2005),
(5107, b'0', '', '', 'State Property 2/State Property: Blood on the Streets', 2005),
(5108, b'0', '', '', 'Cry Wolf', 2005),
(5109, b'0', 'Yes', '', 'Pay It Forward', 2000),
(5110, b'0', '', '', 'Runaway Jury', 2003),
(5111, b'0', '', '', 'Boys on the Run', 2003),
(5112, b'0', 'TV', '', 'Finding John Christmas', 2003),
(5113, b'0', 'TV', '', 'Personally Yours', 2000),
(5114, b'0', 'TV', '', 'Two Mothers for Zachary', 1996),
(5115, b'0', 'TV', '', 'A Case for Life', 1996),
(5116, b'0', 'DVDR', 'flash-video', 'The Haunting of Helen Walker', 1995),
(5117, b'0', 'DVDR', '', 'In a Child s Name', 1991),
(5118, b'0', 'DVDR', '', 'New Year s Eve', 2011),
(5119, b'0', 'DVDR', '', 'My Mom s New Boyfriend/Homeland Security', 2008),
(5120, b'0', 'TV', '', 'Once Upon a Time in Mexico', 2003),
(5121, b'0', 'TV', '', 'Ballistic', 2002),
(5122, b'0', 'TV', '', 'Femme Fatale', 2002),
(5123, b'1', 'DVD', '', 'Original Sin', 2001),
(5124, b'1', 'DVD', '', 'The Body', 2001),
(5125, b'0', 'TV', '', 'The Mask of Zorro', 1998),
(5126, b'0', 'TV', '', 'Assassins', 1995),
(5127, b'0', 'TV', '', 'Desperado', 1995),
(5128, b'1', 'DVD', '', 'Outrage', 1993),
(5129, b'0', 'DVDR', '', 'Finding a Family', 2011),
(5130, b'0', 'DVD', '2-DVD', 'Earthquake 10.5 part II', 2006),
(5131, b'0', 'DVD', '2-DVD', 'Earthquake 10.5', 2004),
(5132, b'0', 'TV', '', 'Infidelity', 2004),
(5133, b'1', 'DVD', '', 'Devil s Child', 1997),
(5134, b'0', 'DVDR', '', 'I Don`t Know How She Does It', 2011),
(5135, b'0', 'DVDR', '', 'The Ghost Writer', 2010),
(5136, b'0', 'TV', '', 'After the Sunset', 2004),
(5137, b'0', 'TV', '', 'The Tailor of Panama', 2001),
(5138, b'0', 'TV', '', 'The Thomas Crown Affair', 1999),
(5139, b'0', 'TV', '', 'Tomorrow Never Dies', 1999),
(5140, b'0', 'DVDR', '', 'The Blind Side', 2009),
(5141, b'0', 'DVDR', '', 'All About Steve', 2009),
(5142, b'0', 'DVDR', '', 'The Proposal', 2009),
(5143, b'0', 'TELE2', '', 'Premonition', 2007),
(5144, b'0', 'DVDR', '', 'The Lake House', 2006),
(5145, b'0', 'TV', '', 'Miss Congeniality 2: Armed & Fabulous', 2005),
(5146, b'0', '', '', 'Loverboy', 2005),
(5147, b'0', 'DVDR', '', 'Crash', 2004),
(5148, b'0', '', '', 'Two Weeks Notice', 2002),
(5149, b'0', 'DVDR', '', 'Murder by Numbers', 2002),
(5150, b'0', 'TV', '', '28 Days', 2000),
(5151, b'0', 'DVDR', '', 'Gun Shy', 2000),
(5152, b'1', 'DVDR', '', 'Forces of Nature', 1999),
(5153, b'0', '', '', 'Practical Magic', 1998),
(5154, b'0', 'DVDR', '', 'Hope Floats', 1998),
(5155, b'0', 'DVDR', '', 'Speed 2: Cruise Control', 1997),
(5156, b'0', '', '', 'In Love and War', 1996),
(5157, b'0', '', '', 'Two If by Sea', 1996),
(5158, b'0', '', '', 'The Net', 1995),
(5159, b'0', 'TV', '', 'While You Were Sleeping', 1995),
(5160, b'0', '', '', 'Who Do I Gotta Kill?', 1994),
(5161, b'0', 'DVDR', '', 'Speed', 1994),
(5162, b'0', '', '', 'Wrestling Ernest Hemingway', 1993),
(5163, b'0', 'DVDR', '', 'Fire on the Amazon', 1993),
(5164, b'0', '', '', 'Demolition Man', 1993),
(5165, b'0', '', '', 'The Thing Called Love', 1993),
(5166, b'0', '', '', 'When the Party s Over', 1993),
(5167, b'0', '', '', 'The Vanishing', 1993),
(5168, b'0', '', '', 'Love Potion No. 9', 1992),
(5169, b'0', '', '', 'Religion, Inc.', 1989),
(5170, b'0', '', '', 'Who Shot Patakango?', 1989),
(5171, b'0', '', '', 'Hangmen', 1987),
(5172, b'0', 'DVDR', '', 'Hanna', 2011),
(5173, b'0', 'DVDR', '', 'Indiana Jones and the Kingdom of the Crystal Skull', 2008),
(5174, b'1', 'DVD', '', 'Elizabeth: The Golden Age', 2007),
(5175, b'1', 'DVD', '', 'Notes on a Scandal', 2006),
(5261, b'1', 'DVD', '', 'Little Fish', 2005),
(5262, b'0', 'TV', '', 'The Lord of the Rings: The Return of the King', 2003),
(5263, b'1', 'DVD', '', 'The Missing', 2003),
(5264, b'1', 'DVD', '', 'Veronica Guerin', 2003),
(5265, b'0', 'TV', '', 'The Lord of the Rings: The Two Towers', 2002),
(5266, b'1', 'DVD', '', 'Heaven', 2002),
(5267, b'1', 'DVD', '', 'The Shipping News', 2001),
(5268, b'1', 'DVDR', '', 'Charlotte Gray', 2001),
(5269, b'0', 'TV', '', 'The Lord of the Rings: The Fellowship of the Ring', 2001),
(5270, b'1', 'DVD', '', 'The Gift', 2000),
(5271, b'0', 'DVD', '', 'The Man Who Cried', 2000),
(5272, b'0', 'TV', '', 'The Talented Mr. Ripley', 1999),
(5273, b'1', 'DVD', '', 'Elizabeth', 1998),
(5274, b'0', 'DVD', '', 'Oscar and Lucinda', 1997),
(5395, b'0', 'DVDR', '', 'Elysium', 2013),
(5396, b'0', 'DVDR', '', 'Behind the Candelabra', 2013),
(5397, b'0', 'DVDR', '', 'We Bought a Zoo', 2011),
(5398, b'0', 'DVDR', '', 'Margaret', 2011),
(5399, b'0', 'DVDR', '', 'Contagion', 2011),
(5400, b'1', 'DVDR', '', 'The Adjustment Bureau', 2011),
(5401, b'0', 'DVDR', '', 'True Grit', 2010),
(5402, b'0', 'DVDR', '', 'Hereafter', 2010),
(5403, b'1', 'DVDR', '', 'The Green Zone', 2010),
(5404, b'0', 'DVDR', '', 'The Informant!', 2009),
(5405, b'0', 'DVDR', '', 'Invictus', 2009),
(5406, b'1', 'DVD', '', 'The Bourne Ultimatum', 2007),
(5407, b'0', 'DVDR', '', 'The Good Shepherd', 2006),
(5408, b'0', 'DVDR', '', 'The Departed', 2006),
(5409, b'0', 'DVD', '', 'The Bourne Supremacy', 2004),
(5410, b'0', '', '', 'EuroTrip', 2004),
(5411, b'0', 'TV', '', 'Stuck On You', 2003),
(5412, b'1', 'DVD', '', 'The Bourne Identity', 2002),
(5413, b'0', 'TV', '', 'Finding Forrester', 2000),
(5414, b'0', '', '', 'All the Pretty Horses', 2000),
(5415, b'0', 'DVDR', '', 'Dogma', 1999),
(5416, b'0', '', '', 'Rounders', 1998),
(5417, b'0', 'DVDR', '', 'Good Will Hunting', 1997),
(5418, b'0', 'TV', '', 'The Rainmaker', 1997),
(5419, b'0', 'DVDR', '', 'Chasing Amy', 1997),
(5579, b'0', '', '', 'Glory Daze', 1996),
(5580, b'0', '', '', 'The Good Old Boys', 1995),
(5581, b'0', '', '', 'Geronimo: An American Legend 2nd Lt. Britton Davis', 1993),
(5582, b'0', '', '', 'School Ties', 1992),
(5583, b'0', '', '', 'Rising Son', 1990),
(5584, b'0', 'DVDR', '', 'Life Support', 2007),
(5585, b'0', 'TV', '', 'Little John', 2002),
(5586, b'0', 'DVD', '', 'The Agency', 2001),
(5587, b'0', 'DVD', '', 'Cold Blooded', 2000),
(5588, b'0', 'TV', '', 'Indiscreet', 1998),
(5589, b'0', 'DVDR', '', 'Nick of Time', 1995),
(5590, b'0', 'DVDR', '', 'Timecop', 1994),
(5591, b'0', 'DVDR', '', 'Henry s Crime', 2010),
(5592, b'0', '', '', 'The Day the Earth Stood Still', 2008),
(5593, b'0', 'DVDR', '', 'Street Kings', 2008),
(5594, b'0', 'DVDR', '', 'A Scanner Darkly', 2006),
(5595, b'1', 'DVD', '', 'Constantine', 2005),
(5596, b'0', '', '', 'Thumbsucker', 2005),
(5597, b'0', '', '', 'Ellie Parker', 2005),
(5598, b'0', '', '', 'Hard Ball', 2001),
(5599, b'0', 'DVDR', '', 'Sweet November', 2001),
(5600, b'0', 'DVD', '', 'The Watcher', 2000),
(5601, b'0', '', '', 'The Replacements', 2000),
(5602, b'0', '', '', 'Me and Will', 1999),
(5603, b'1', 'DVD', '', 'The Matrix', 1999),
(5604, b'0', '', '', 'The Last Time I Committed Suicide', 1997),
(5605, b'0', '', '', 'Feeling Minnesota', 1996),
(5606, b'1', 'DVD', '', 'Chain Reaction', 1996),
(5607, b'0', '', '', 'A Walk in the Clouds', 1995),
(5608, b'0', '', '', 'Johnny Mnemonic', 1995),
(5609, b'0', 'DVD', '', 'Little Buddha', 1993),
(5610, b'0', '', '', 'Even Cowgirls Get the Blues', 1993),
(5611, b'0', '', '', 'My Own Private Idaho', 1991),
(5612, b'0', '', '', 'Bill & Ted s Bogus Journey', 1991),
(5613, b'0', 'DVDR', '', 'Point Break', 1991),
(5614, b'0', '', '', 'Providence', 1991),
(5615, b'0', '', '', 'Tune in Tomorrow...', 1990),
(5616, b'0', '', '', 'I Love You to Death', 1990),
(5617, b'0', '', '', 'Parenthood', 1989),
(5618, b'0', '', '', 'Bill & Ted s Excellent Adventure', 1989),
(5619, b'0', '', '', 'Life Under Water', 1989),
(5620, b'0', '', '', 'Dangerous Liaisons Le Chevalier', 1988),
(5621, b'0', '', '', 'The Prince of Pennsylvania', 1988),
(5622, b'0', '', '', 'Permanent Record', 1988),
(5623, b'0', '', '', 'The Night Before', 1988),
(5624, b'0', '', '', 'Babes in Toyland Jack/Jack-be-Nimble', 1986),
(5625, b'0', '', '', 'Under the Influence', 1986),
(5626, b'0', '', '', 'River s Edge', 1986),
(5627, b'0', '', '', 'Flying', 1986),
(5628, b'0', '', '', 'Act of Vengeance', 1986),
(5629, b'0', '', '', 'Youngblood', 1986),
(5685, b'0', '', '', 'One Step Away', 1985),
(5686, b'0', '', '', 'Letting Go', 1985),
(5687, b'0', 'TV', '', 'Before He Wakes', 1998),
(5688, b'0', 'TV', '', 'Married to a Stranger', 1997),
(5689, b'0', 'TV', '', 'Family Album', 1994),
(5690, b'0', 'TV', '', 'Love Can Be Murder', 1992),
(5691, b'0', 'TV', '', 'Nightmare in the Daylight', 1992),
(5692, b'0', 'TV', '', 'In the Arms of a Killer', 1992),
(5693, b'0', 'TV', '', 'The Rape of Doctor Willis', 1991),
(5694, b'0', 'TV', '', 'Lies Before Kisses', 1991),
(5695, b'0', 'TV', '', 'Kaleidoscope', 1990),
(5696, b'0', 'TV', '', 'Windmills of the Gods', 1988),
(5697, b'0', 'TV', '', 'Rage of Angels: The Story Continues', 1986),
(5698, b'0', 'TV', '', 'Rage of Angels', 1983),
(5699, b'0', 'TV', '', 'Selling Innocence', 2005),
(5700, b'1', 'DVD', '', 'Stone Cold', 2005),
(5701, b'0', 'TV', '', 'Ginger Snaps', 2000),
(5702, b'1', 'DVD', '', 'Lost in Space', 1998),
(5703, b'0', 'DVD', '', 'Virtual Obsession', 1998),
(5704, b'0', 'TV', '', 'The Christmas List', 1997),
(5705, b'1', 'DVD', '', 'Far from Home: The Adventures of Yellow Dog', 1995),
(5706, b'0', 'TV', '', 'Those Bedroom Eyes', 1993),
(5707, b'1', 'DVD', '', 'White Sands', 1992),
(5708, b'0', 'DVD', '', 'Wedlock', 1991),
(5709, b'1', 'DVD', '', 'The Doors', 1991),
(5710, b'1', 'DVD', '', 'Desperate Hours', 1990),
(5939, b'1', 'DVD', '', 'Laws of Attraction', 2004),
(5940, b'1', 'DVD', '', 'Edison', 2005),
(5941, b'0', 'DVDR', '', 'Brooklyn Rules', 2007),
(5942, b'0', 'DVD', '', 'Promised Land', 2012),
(5943, b'1', 'DVD', '', 'In Good Company', 2004),
(5944, b'0', 'DVD', '', 'Northern Lights', 2009),
(5945, b'0', '', '', 'Hunt to Kill', 2010),
(5946, b'0', '', '', 'Date Night', 2010),
(5947, b'0', '', '', 'Gone but Not Forgotten', 2005),
(5948, b'0', 'DVD', '', 'Blue Jasmine', 2013),
(5949, b'1', 'DVD', '', 'Non-Stop', 2014),
(5950, b'1', 'DVD', '', 'Lincoln ', 2012),
(5951, b'0', '', '', 'Frontera', 2014),
(5952, b'0', '', '', 'Four Brothers', 2005),
(5953, b'1', 'DVD', '', 'The Other Woman', 2014),
(5954, b'0', '', '', 'Inherent Vice', 2014),
(5955, b'0', 'DVD', '', 'Salvo', 2013),
(5956, b'0', '', '', 'Dirty Lies', 2016),
(6375, b'0', '', '', 'Friday', 1995),
(6376, b'0', '', '', 'Next Friday', 2000),
(6377, b'0', '', '', 'Friday After Next', 2002),
(6378, b'0', '', '', 'Before I Go to Sleep', 2014),
(6379, b'0', 'DVDR', '', 'Stonehearst Asylum', 2014),
(6380, b'0', 'DVDR', '', 'American Hustle', 2013),
(6381, b'0', 'DVDR', '', 'Cold in July', 2014),
(6382, b'0', 'DVDR', '', 'Drive Hard', 2014),
(6383, b'0', 'DVDR', '', 'Need for Speed', 2014),
(6384, b'0', 'DVDR', '', 'Chef', 2014),
(6385, b'0', 'DVDR', '', 'You re Not You', 2014),
(6386, b'0', 'DVDR', '', 'Let s Be Cops', 2014),
(6387, b'0', 'DVDR', '', 'The Heat', 2013),
(6388, b'0', 'DVDR', '', 'A Most Wanted Man', 2014),
(6389, b'0', 'DVDR', '', 'Man of Tai Chi', 2013),
(6390, b'0', 'DVDR', '', 'The Zero Theorem', 2013),
(6391, b'0', 'DVDR', '', 'Thanks for Sharing', 2012),
(6392, b'0', 'DVDR', '', '47 Ronin', 2013),
(6393, b'0', 'DVDR', '', 'At Any Price', 2012),
(6394, b'0', 'DVDR', '', 'Maps to the Stars', 2014),
(6395, b'0', 'DVDR', '', 'Lone Survivor', 2013),
(6396, b'0', 'DVDR', '', 'A Late Quartet', 2012),
(6397, b'0', 'DVDR', '', 'Gone Girl', 2014),
(6398, b'0', 'DVDR', '', 'The Expendables 2', 2012),
(6399, b'0', 'DVDR', '', 'Begin Again', 2013),
(6400, b'0', 'DVDR', '', 'The Man with the Iron Fists', 2012),
(6401, b'0', 'DVDR', '', 'The Chameleon', 2010),
(6402, b'0', 'DVDR', '', 'X-Men: Days of Future Past', 2014),
(6403, b'0', 'DVDR', '', 'Grudge Match', 2013),
(6404, b'0', 'DVDR', '', 'Body of Evidence', 1993),
(6405, b'0', 'DVDR', '', 'Butter', 2011),
(6406, b'0', 'DVDR', '', 'Turn the River', 2007),
(6407, b'0', 'DVDR', '', 'Left Behind', 2014),
(6408, b'0', 'DVDR', '', 'Gandhi', 1982),
(6409, b'0', 'DVDR', '', 'Sleepless in Seattle', 1993),
(6410, b'0', 'DVDR', '', 'The Maze Runner', 2014);
INSERT INTO `dvd` (`id`, `bonus`, `origin`, `remarks`, `title`, `year`) VALUES
(6411, b'0', 'DVDR', '', 'The Fault in Our Stars', 2014),
(6412, b'0', 'DVDR', '', 'Sex Tape', 2014),
(6413, b'0', 'DVDR', '', 'The November Man', 2014),
(6414, b'0', 'DVDR', '', 'The Best of Me', 2014),
(6415, b'0', 'DVDR', '', '22 Jump Street', 2014),
(6416, b'0', 'DVDR', '', 'Lucy', 2014),
(6417, b'0', 'DVDR', '', 'Into the Storm', 2014),
(6418, b'0', 'DVDR', '', 'Seal Team Sixe: The Raid on Osama Bin Laden- Code Name: Geronimo', 2012),
(6419, b'0', 'DVDR', '', 'A Walk Among the Tombstones', 2014),
(6420, b'0', 'DVDR', '', 'American Heist', 2014),
(6450, b'0', '', '', 'When the Game Stands Tall', 2014),
(6451, b'0', '', '', 'Bad Country', 2014),
(6452, b'0', '', '', 'Predestination ', 2014),
(6453, b'0', '', '', 'Words and Pictures', 2013),
(6454, b'0', '', '', 'The Reunion', 2013),
(6455, b'0', '', '', 'If I Stay', 2014),
(6456, b'0', '', '', 'John Wick', 2014),
(6457, b'0', '', '', 'Memoirs of a Geisha', 2005),
(6458, b'0', '', '', 'On the Waterfront', 1954),
(6459, b'0', '', '', 'The Condemned', 2007),
(6460, b'0', '', '', '1,000 Times Good Night', 2013),
(6461, b'0', '', '', 'Boyhood', 2014),
(6462, b'0', '', '', 'Echoes from the Dead', 2013),
(6463, b'0', '', '', 'Ice Soldiers', 2013),
(6464, b'0', '', '', 'Samba', 2014),
(6465, b'0', '', '', 'Brown Sugar', 2002),
(6466, b'0', '', '', 'Bless Me, Ultima', 2013),
(6467, b'0', '', '', 'A Single Shot', 2013),
(6468, b'0', '', '', 'Baggage Claim', 2013),
(6469, b'0', '', '', 'Felon', 2008),
(6470, b'0', '', '', 'The Calling', 2014),
(6471, b'0', '', '', 'The Contractor', 2007),
(6472, b'0', '', '', 'Windtalkers', 2002),
(6473, b'0', '', '', 'Wanderlust', 2012),
(6474, b'0', '', '', 'Fracture', 2007),
(6475, b'0', '', '', '7 Seconds', 2005),
(6476, b'0', '', '', 'The Rock', 1996),
(6477, b'0', '', '', 'Identity', 2003),
(6557, b'0', '', '', 'The Ugly Truth', 2009),
(6558, b'0', '', '', 'Rising Sun', 1993),
(6559, b'0', '', '', 'The Hit List', 1993),
(6560, b'0', '', '', 'About Last Night', 2014),
(6561, b'0', '', '', 'One Last Dance', 2003),
(6562, b'0', '', '', 'Taken 3', 2014),
(6563, b'0', '', '', 'Girl, Interrupted', 1999),
(6564, b'0', '', '', 'The Love Punch', 2013),
(6565, b'0', '', '', 'A Good Man in Africa', 1994),
(6566, b'0', '', '', 'A Fighting Man', 2014),
(6567, b'0', '', '', 'The Best Man Holiday', 2013),
(6568, b'0', '', '', 'Home Run', 2013),
(6569, b'0', '', '', 'How Stella Got Her Groove Back', 1998),
(6570, b'0', '', '', 'Dead Poets Society', 1989),
(6571, b'0', '', '', 'Think Like a Man', 2012),
(6572, b'0', '', '', 'Friends with Money', 2006),
(6573, b'0', '', '', 'Take the Lead', 2006),
(6574, b'0', '', '', 'Cold Comes the Night', 2013),
(6575, b'0', '', '', 'Tokarev', 2014),
(6576, b'0', '', '', 'She s the One', 1996),
(6577, b'0', '', '', 'Money Train', 1995),
(6578, b'0', '', '', 'Knowing', 2009),
(6579, b'0', '', '', 'Love Is All You Need', 2012),
(6580, b'0', '', '', 'Season of the Witch', 2011),
(6581, b'0', '', '', 'Double Identity', 2009),
(6582, b'0', '', '', 'Hancock', 2008),
(6583, b'0', '', '', 'Think Like a Man Too', 2014),
(6584, b'0', '', '', 'You Got Served: Beat the World', 2011),
(6585, b'0', '', '', 'Sinister', 2012),
(6586, b'0', '', '', 'Beverly Hills Cop II', 1987),
(6587, b'0', '', '', 'Beverly Hills Cop', 1984),
(6588, b'0', '', '', 'Beverly Hills Cop III', 1994),
(6589, b'0', '', '', 'L!fe Happens', 2011),
(6590, b'0', '', '', 'About Schmidt', 2002),
(6591, b'0', '', '', 'Sliver ', 1993),
(6592, b'0', '', '', 'Lucky You', 2007),
(6593, b'0', '', '', 'Marathon Man', 1976),
(6594, b'0', '', '', 'What Happens in Vegas', 2008),
(6614, b'0', '', '', 'The Boy Next Door', 2015),
(6615, b'0', '', '', 'Stop-Loss', 2008),
(6616, b'0', '', '', 'Speed Racer', 2008),
(6617, b'0', '', '', 'The Eye', 2008),
(6618, b'0', '', '', 'The Long Kiss Goodnight', 1996),
(6619, b'0', '', '', 'Tequila Sunrise', 1988),
(6620, b'0', '', '', 'Beaches ', 1988),
(6621, b'0', '', '', 'Vendetta', 1999),
(6622, b'0', '', '', 'The Verdict', 1982),
(6623, b'0', '', '', 'And Then Came Love', 2007),
(6624, b'0', '', '', 'Where God Left His Shoes', 2007),
(6625, b'0', '', '', 'The Money Pit', 1986),
(6626, b'0', '', '', 'Boys of Abu Ghraib', 2014),
(6627, b'0', '', '', 'The Killing Time', 1987),
(6628, b'0', '', '', 'Thief', 1981),
(6629, b'0', '', '', 'Gorky Park', 1983),
(6630, b'0', '', '', 'Straw Dogs', 2011),
(6631, b'0', '', '', 'St. Elmo s Fire', 1985),
(6681, b'0', '', '', 'The Sentinel', 2006),
(6682, b'0', '', '', 'Mask', 1985),
(6683, b'0', '', '', 'Till det Som Är Vackert / Pure', 2009),
(6684, b'0', '', '', 'Soul Surfer', 2011),
(6685, b'0', '', '', 'The Last Seduction', 1994),
(6686, b'0', '', '', 'Stella s Oorlog', 2009),
(6687, b'0', '', '', 'Identity Thief', 2013),
(6688, b'0', '', '', 'House of the Rising Sun', 2011),
(6689, b'0', '', '', 'Nothing Personal', 2009),
(6690, b'0', '', '', 'Rio', 2011),
(6691, b'0', '', '', 'Chasing Ghosts', 2005),
(6692, b'0', '', '', 'Badge of Honor', 2015),
(6693, b'0', '', '', 'Bad Neighbours', 2014),
(6694, b'0', '', '', 'Rock Star', 2001),
(6695, b'0', '', '', 'The Count of Monte Cristo', 2002),
(6696, b'0', '', '', 'Hero Wanted', 2008),
(6697, b'0', '', '', 'In Bruges', 2008),
(6698, b'0', '', '', 'Breaking Point', 2009),
(6699, b'0', '', '', 'Grand Piano', 2013),
(6700, b'0', '', '', 'Cut Bank', 2014),
(6701, b'0', '', '', 'Good People', 2014),
(6702, b'0', '', '', 'Red Sky', 2014),
(6703, b'0', '', '', 'The Rewrite', 2014),
(6704, b'0', '', '', 'Marine 4 - The Moving Target', 2015),
(6705, b'0', '', '', 'Dangerous Minds', 1995),
(6706, b'0', '', '', 'Desperately Seeking Susan', 1985),
(6707, b'0', '', '', 'Shanghai Surprise', 1986),
(6708, b'0', '', '', 'Who s That Girl', 1987),
(6709, b'0', '', '', 'Kiss Kiss Bang Bang', 2005),
(6710, b'0', '', '', 'Body Heat', 1981),
(6711, b'0', '', '', 'Child of God', 2013),
(6712, b'0', '', '', 'Children of a Lesser God', 1986),
(6713, b'0', '', '', 'Drown', 2015),
(6714, b'0', '', '', 'Game 6', 2005),
(6715, b'0', '', '', 'Gothika ', 2003),
(6716, b'0', '', '', 'Critical Assignment', 2004),
(6717, b'0', '', '', 'A Teacher s Crime', 2008),
(6718, b'0', '', '', 'The Devil s Child', 2007),
(6719, b'0', '', '', 'The Interview', 2014),
(6720, b'0', '', '', 'A Million Ways to Die in the West', 2014),
(6721, b'0', '', '', 'The Incredible Hulk', 2008),
(6722, b'0', '', '', 'The Singing Detective', 2003),
(6723, b'0', '', '', 'Wonder Boys', 2000),
(6724, b'0', '', '', 'Zodiac', 2007),
(6725, b'0', '', '', 'Shadows and Fog', 1991),
(6726, b'0', '', '', 'Scopers - The Speed of Thought', 2011),
(6727, b'0', '', '', 'Sherrybaby ', 2006),
(6728, b'0', '', '', 'Whiplash ', 2014),
(6954, b'0', '', '', 'Sunset', 1988),
(6955, b'0', '', '', 'Amsterdamned ', 1988),
(6956, b'0', '', '', 'Beowulf', 2007),
(6957, b'0', '', '', 'In Secret', 2013),
(6958, b'0', '', '', 'De regels van Matthijs', 2012),
(6959, b'0', '', '', 'Forgetting Sarah Marshall', 2008),
(6960, b'0', '', '', 'I Am Here', 2014),
(6961, b'0', '', '', '8 Mile', 2002),
(6962, b'0', '', '', 'Love is Strange', 2014),
(6963, b'0', '', '', 'Lonesome Jim', 2005),
(6964, b'0', '', '', 'Lovesick ', 2014),
(6965, b'0', '', '', 'Surveillance ', 2008),
(6966, b'0', '', '', 'Blue in the Face', 1995),
(6967, b'0', '', '', 'Four Rooms', 1995),
(6968, b'0', '', '', 'The Babe', 1992),
(6969, b'0', '', '', 'Foolproof', 2003),
(6970, b'0', '', '', 'Ransom', 1996),
(6971, b'0', '', '', 'Skin Trade', 2014),
(6972, b'0', '', '', 'Stanley & Iris', 1990),
(6973, b'0', '', '', 'Wisegal', 2008),
(6974, b'0', '', '', 'The Imitation Game', 2014),
(6975, b'0', '', '', 'Weekend of a Champion', 1972),
(6976, b'0', '', '', 'Center Stage Turn It Up', 2008),
(6977, b'0', '', '', 'Cass', 2008),
(6978, b'0', '', '', 'Julia', 2008),
(6979, b'0', '', '', 'The Escapist', 2008),
(6980, b'0', '', '', 'Contract Killers', 2008),
(6981, b'0', '', '', 'No Escape No Return', 1993),
(6982, b'0', '', '', 'The Bad Pack', 1997),
(6983, b'0', '', '', 'The Next Best Thing', 2000),
(6984, b'0', '', '', 'Papillon', 1973),
(6985, b'0', '', '', 'The World s Greatest Athlete', 1973),
(6986, b'0', '', '', 'Le Grand Bleu', 1988),
(6987, b'0', '', '', 'Election', 1999),
(6988, b'0', '', '', 'Signs', 2002),
(6989, b'0', '', '', 'Red Road', 2006),
(6990, b'0', '', '', 'Bodyguard A New Beginning', 2008),
(6991, b'0', '', '', 'Good Dick', 2008),
(6992, b'0', '', '', 'I Am Because We Are', 2008),
(6993, b'0', '', '', 'Outlander', 2008),
(6994, b'0', '', '', 'The Way of War', 2009),
(6995, b'0', '', '', 'Vicky Cristina Barcelona', 2008),
(6996, b'0', '', '', 'Everybody s Fine', 2009),
(6997, b'0', '', '', 'Night Train', 2009),
(6998, b'0', '', '', 'Personal Effects', 2009),
(6999, b'0', '', '', 'Devil', 2010),
(7000, b'0', '', '', 'The Woman in Black', 2012),
(7001, b'0', '', '', 'Event Horizon', 1997),
(7002, b'0', '', '', 'Gooische Vrouwen II', 2014),
(7003, b'0', '', 'The Ring BOX', 'The Ring', 2002),
(7004, b'0', '', 'The Ring BOX', 'The Ring 2', 2005),
(7005, b'0', '', 'The Grudge,Trilogy Dvd Box', 'The Grudge', 2004),
(7006, b'0', '', 'The Grudge,Trilogy Dvd Box', 'The Grudge 2', 2006),
(7007, b'0', '', 'The Grudge,Trilogy Dvd Box', 'The Grudge 3', 2009),
(7008, b'0', '', '', 'Fractured ', 2013),
(7009, b'0', '', '', 'Blown Away', 1994),
(7010, b'0', '', '', 'The Getaway', 1994),
(7011, b'0', '', '', 'Before the Devil Knows You re Dead', 2007),
(7012, b'0', '', '', 'Pour Elle/Anything for Her', 2008),
(7013, b'0', '', '', 'Yes Man', 2008),
(7014, b'0', '', '', 'Robinson Crusoe', 1997),
(7015, b'0', '', '', 'Staten Island/Little New York', 2009),
(7131, b'0', '', 'MovieBox 191', 'The Night Crew', 2015),
(7132, b'0', '', 'MovieBox 191', 'The Mark', 2012),
(7133, b'0', '', '', 'The Purge', 2013),
(7134, b'0', '', 'MovieBox 192', 'Jupiter Ascending', 2015),
(7135, b'0', '', 'MovieBox 192', 'Serena', 2014),
(7136, b'0', '', 'MovieBox 192', 'Beyond The Reach', 2014),
(7137, b'0', '', 'MovieBox 193', 'Mortdecai', 2015),
(7138, b'0', '', 'MovieBox 193', 'The Lookalike', 2014),
(7139, b'0', '', '', 'The World Is Not Enough', 1999),
(7140, b'0', 'DVDR', '', 'Evelyn', 2002),
(7141, b'0', '', '', 'The Matador', 2005),
(7142, b'0', '', '', 'The Greatest', 2009),
(7143, b'0', '', '', ' A Long Way Down', 2014),
(7144, b'0', '', '', 'Dante s Peak', 1997),
(7145, b'0', '', '', 'Enough Said', 2013),
(7146, b'0', '', '', 'Getaway ', 2013),
(7147, b'0', '', '', 'GoldenEye ', 1995),
(7148, b'0', '', '', 'The Drop', 2014),
(7149, b'0', '', '', 'The Incredible Burt Wonderstone', 2013),
(7150, b'0', 'DVDBox 1', '', 'Getaway', 2013),
(7298, b'0', '', '', 'Life of a King', 2013),
(7299, b'0', '', '', 'Good Kill', 2014),
(7300, b'0', '', '', 'Hotel for Dogs', 2009),
(7301, b'0', '', '', 'Absolute Deception', 2013),
(7302, b'0', '', '', 'Australia', 2008),
(7303, b'0', '', '', 'Behind Enemy Lines: Colombia', 2009),
(7304, b'0', '', '', 'Red Tails', 2012),
(7305, b'0', '', '', 'The Devil s Tomb', 2009),
(7306, b'0', '', '', 'Under the Lighthouse Dancing', 1997),
(7307, b'0', '', '', 'The Breakfast Club', 1985),
(7308, b'0', '', '', 'West Side Story', 1961),
(7309, b'0', '', '', 'Top Five', 2014),
(7310, b'0', '', '', 'The Jigsaw Man', 1983),
(7311, b'0', '', '', 'The Barber', 2014),
(7312, b'0', '', '', 'Reclaim', 2014),
(7313, b'0', '', '', 'Rebel Without a Cause', 1955),
(7314, b'0', '', '', 'No Good Deed', 2014),
(7315, b'0', '', '', 'Charlie s Angels', 2000),
(7316, b'0', '', 'MovieBox 198', 'A Good Marriage', 2014),
(7317, b'0', '', 'MovieBox 198', 'The Drownsman', 2014),
(7318, b'0', '', 'MovieBox 198', 'The Mercenary: absolution', 2015),
(7319, b'0', '', 'MovieBox 199', 'Superfast!', 2015),
(7320, b'0', '', 'MovieBox 199', 'Here Is Harold', 2014),
(7321, b'0', '', 'MovieBox 199', 'The Wedding Ringer', 2015),
(7322, b'0', '', 'MovieBox 200', 'Ex Machina', 2015),
(7323, b'0', '', 'MovieBox 200', 'Fast & Furious 7', 2015),
(7324, b'0', '', 'MovieBox 200', 'Maggy', 2015),
(7325, b'0', '', '2-DVD', 'East of Eden', 1955),
(7326, b'0', '', '3-DVD', 'East of Eden - Miniserie -', 1981),
(7327, b'0', '', '2-DVD', 'Giant', 1956),
(7328, b'0', '', '', 'The Princess Bride', 1987),
(7329, b'0', '', '', 'James Dean', 2001),
(7330, b'0', '', '', 'Left Behind: The Movie', 2000),
(7331, b'0', '', '', 'Cymbeline', 2014),
(7332, b'0', '', '', 'The Goonies', 1985),
(7333, b'0', '', '', 'The Boxer', 2009),
(7334, b'0', '', '', 'Cyborg Soldier', 2008),
(7335, b'0', '', '', 'Hidden Camera', 2007),
(7336, b'0', '', '', 'Two Lovers', 2008),
(7337, b'0', '', '', 'The Hunted', 2003),
(7338, b'0', '', '', 'Amsterdam', 2008),
(7339, b'0', '', '', 'Crash and Burn', 2007),
(7340, b'0', '', '', 'Splinter', 2008),
(7341, b'0', '', '', 'Flirting with Forty', 2008),
(7342, b'0', '', '', 'Moonwalker', 1988),
(7343, b'0', '', '', 'After the Storm', 2001),
(7344, b'0', '', '', 'Airport 77', 1977),
(7428, b'0', '', '', 'Birdman: Or (The Unexpected Virtue of Ignorance)', 2014),
(7429, b'0', '', '', 'Blood and Bone', 2009),
(7430, b'0', '', '', 'Changing Lanes', 2002),
(7431, b'0', '', '', 'Everly', 2014),
(7432, b'0', '', '', 'Flash of Genius', 2008),
(7433, b'0', '', '', 'Loose Change: Second Edition', 2006),
(7434, b'0', '', '', 'The Young Victoria', 2009),
(7435, b'0', '', '', 'Next Day Air', 2009),
(7436, b'0', '', '', 'One in the Gun', 2010),
(7437, b'0', '', '', 'The Gambler', 2014),
(7438, b'0', '', '', 'The Rose', 1979),
(7439, b'0', '', '', 'The Theory of Everything', 2014),
(7440, b'0', '', '', 'A Gift Horse', 2015),
(7441, b'0', '', '', 'Bittersweet', 2014),
(7442, b'0', '', '', 'Boy 7', 2015),
(7443, b'0', '', '', 'Ghost Machine', 2009),
(7444, b'0', '', '', 'Frame of Mind', 2009),
(7445, b'0', '', '', 'Police Academy', 1984),
(7446, b'0', '', '', 'Police Academy 2: Their First Assignment', 1985),
(7447, b'0', '', '', 'Police Academy 3: Back in Training', 1986),
(7448, b'0', '', '', 'Police Academy 4: Citizens on Patrol', 1987),
(7449, b'0', '', '', 'Police Academy 5: Assignment: Miami Beach', 1988),
(7450, b'0', '', '', 'Police Academy 6: City Under Siege', 1989),
(7451, b'0', '', '', 'Police Academy 7: Mission to Moscow', 1994),
(7452, b'0', '', '', 'Wild Horses ', 2015),
(7453, b'0', '', '', 'The Lodger', 2009),
(7454, b'0', '', '', 'Tortured ', 2008),
(7455, b'0', '', '', 'Hooper', 1978),
(7456, b'0', '', '', 'Hardwired', 2009),
(7457, b'0', '', '', 'Good', 2008),
(7458, b'0', '', '', 'Flawless', 2007),
(7459, b'0', '', '', 'Day Zero', 2007),
(7460, b'0', '', '', 'Orphan', 2009),
(7461, b'0', '', '', 'Thick as Thieves - The Code', 2009),
(7462, b'0', '', '', 'Senseless', 2008),
(7463, b'0', '', '', 'Skate or Die', 2008),
(7464, b'0', '', '', 'Zwart water', 2010),
(7465, b'0', '', '', 'De Kleine Blonde Dood', 1993),
(7466, b'0', '', '', 'Iris', 1987),
(7467, b'1', 'DVD', '', 'The Right Temptation', 2000),
(7500, b'0', '', '', 'Streets of Blood', 2009),
(7501, b'0', '', '', 'Dom Hemingway', 2013),
(7502, b'0', '', '', 'Lucia de B.', 2014),
(7503, b'0', '', '', 'Category 7: The End of the World', 2005),
(7504, b'0', '', '', 'Unfinished Business', 2015),
(7505, b'0', '', '', 'Seventh Son', 2015),
(7506, b'0', '', '', 'Fifty Shades of Grey', 2015),
(7507, b'0', '', '', 'Wild Card', 2015),
(7508, b'0', '', '', 'Extract', 2009),
(7509, b'0', '', '', 'Watchtower', 2002),
(7510, b'0', '', '', 'This Is Where I Leave You', 2014),
(7511, b'0', '', '', 'Spread', 2009),
(7512, b'0', '', '', 'Pandorum', 2009),
(7513, b'0', '', '', 'Lies & Illusions', 2009),
(7514, b'0', '', '', 'Keetje Tippel', 1975),
(7515, b'0', '', '', 'Road of No Return', 2009),
(7516, b'0', '', '', 'The Lost Treasure of the Grand Canyon', 2008),
(7517, b'0', '', '', 'Unknown Caller', 2014),
(7518, b'0', '', '', 'Bride Flight', 2008),
(7519, b'0', '', '', 'Chill Factor', 1999),
(7520, b'0', '', '', 'Foxcatcher', 2014),
(7521, b'0', '', '', 'Kingsman: The Secret Service', 2014),
(7522, b'0', '', '', 'For the Moment', 1993),
(7523, b'0', '', '', 'The River King', 2005),
(7524, b'0', '', '', 'Black Dynamite', 2009),
(7525, b'0', '', '', 'While She Was Out', 2008),
(7526, b'0', '', '', 'The Accused', 1988),
(7527, b'0', '', '', 'Counterstrike', 2002),
(7528, b'0', '', '', 'The Ministers', 2009),
(7529, b'0', '', '', 'Vertige/Hige Lane', 2009),
(7530, b'0', '', '', 'Turist/Force Majeure', 2014),
(7583, b'0', '', '', 'Balibo', 2009),
(7584, b'0', '', '', 'American Sniper ', 2014),
(7585, b'0', '', '', 'Cold Sweat', 2013),
(7586, b'0', '', '', 'Dragnet', 1987),
(7587, b'0', 'TV Mini-Series', '', 'Forgotten Girls', 2007),
(7588, b'0', '', '', 'Freezer', 2014),
(7589, b'1', 'Directors Cut, DeLuxe edition', '', 'Kingdom of Heaven', 2005),
(7590, b'0', '', '', 'Miss Congeniality', 2005),
(7591, b'0', '', '', 'Poker Night', 2014),
(7592, b'0', '', '', 'Private Resort', 1985),
(7593, b'0', '', '', 'Selma', 2014),
(7594, b'0', '', '', 'Super', 2010),
(7595, b'0', '', '', 'The Hamburg Cell', 2004),
(7596, b'0', '', '', 'The Lazarus Effect', 2015),
(7597, b'0', '', '', 'Woman in Gold', 2015),
(7598, b'0', '', '', 'Women in Trouble', 2009),
(7599, b'0', 'DVD', '', 'Hustles - Pawn Shop Chronicles', 2013),
(7600, b'1', 'DVD', '', 'Transcendence ', 2014),
(7601, b'0', 'DVDR', '', '12 Angry Men', 1957),
(7602, b'0', 'DVDR', '', 'Gremlins', 1984),
(7603, b'0', 'DVDR', '', 'Gremlins 2: The New Batch', 1990),
(7604, b'0', 'DVDR', '', 'Back to the Future', 1985),
(7605, b'0', 'DVDR', '', 'Back to the Future Part II', 1989),
(7606, b'0', 'DVDR', '', 'Back to the Future Part III', 1990),
(7648, b'0', '', '', 'The Fly', 1986),
(7649, b'0', '', '', 'The Fly II', 1989),
(7650, b'0', '', '', 'The French Connection', 1971),
(7651, b'0', '', '', 'French Connection II', 1975),
(7652, b'0', '', '', 'Beyond a Reasonable Doubt', 2009),
(7653, b'0', '', '', 'Breach of Faith: A Family of Cops II', 1997),
(7654, b'0', '', '', 'Lover of Loser', 2009),
(7655, b'0', '', '', 'Letters to Juliet', 2010),
(7656, b'0', '', '', 'Mea Culpa', 2014),
(7657, b'0', '', '', 'And Soon the Darkness', 2010),
(7658, b'0', '', '', 'Page Eight', 2011),
(7659, b'0', '', '', 'Rear Window', 1954),
(7660, b'0', '', '', 'Stick It', 2006),
(7661, b'0', '', '', 'Road Rage', 1999),
(7662, b'0', '', '', 'Red Hill', 2010),
(7663, b'0', '', '', 'Sleep with Me', 1994),
(7664, b'0', '', '', 'Real Playing Game', 2013),
(7665, b'0', '', '', 'Brainstorm', 1983),
(7666, b'0', '', '', 'The Witches of Eastwick', 1987),
(7667, b'0', '', '', 'L.A. Confidential', 1997),
(7668, b'0', '', '', 'La Vita È Bella', 1997),
(7669, b'0', '', '', 'The Other Side of Heaven', 2001),
(7670, b'0', '', '', 'La Meglio Gioventù', 2003),
(7671, b'0', '', '', 'Stealth', 2005),
(7672, b'0', '', '', 'Dan in Real Life', 2007),
(7673, b'0', '', '', 'Misery', 1990),
(7674, b'0', '', '', 'Big Game', 2014),
(7675, b'0', '', '', '44 Minutes: The North Hollywood Shoot-Out', 2003),
(7676, b'0', '', '', 'Coldwater', 2013),
(7677, b'0', '', '', 'Des Hommes et des Dieux - Of Gods and Men', 2010),
(7678, b'0', '', '', 'Every Secret Thing', 2014),
(7679, b'0', '', '', 'Frozen Impact', 2003),
(7680, b'0', '', '', 'Kiss of Death', 1995),
(7681, b'0', '', '', 'The Longest Ride', 2015),
(7682, b'0', '', '', 'Then She Found Me', 2007),
(7683, b'0', '', '', 'Titanic II', 2010),
(7684, b'0', '', '', 'Tracers', 2015),
(7685, b'0', '', '', 'Swindle', 2002),
(7686, b'0', '', '', 'Unfinished Sky', 2007),
(7687, b'0', '', '', 'Gotcha!', 1985),
(7781, b'0', '', '', 'The Infiltrator', 1995),
(7782, b'0', '', '', 'The Blues Brothers', 1980),
(7783, b'0', '', '', '13 Going on 30', 2004),
(7784, b'0', '', '', 'Blue Thunder', 1983),
(7785, b'0', '', '', 'Rosemary s Baby', 1968),
(7786, b'0', '', '', 'D.O.A.', 1988),
(7787, b'0', '', '', 'Always', 1989),
(7788, b'0', '', '', 'Zig Zag', 2002),
(7789, b'0', '', '', 'Wrong Side of Town', 2010),
(7790, b'0', '', '', 'Elephant White', 2011),
(7791, b'0', '', '', 'Welcome to Me', 2014),
(7792, b'0', '', '', 'Unthinkable', 2010),
(7793, b'0', '', '', 'A Bottle in the Gaza Sea-Une Bouteille à la Mer', 2011),
(7794, b'0', '', '', 'A Very Long Engagement-Un Long Dimanche de Fiançailles', 2004),
(7795, b'0', '', '', 'U Turn', 1997),
(7796, b'0', '', '', 'Trading Places', 1983),
(7797, b'0', '', '', 'The Secret Life of Bees', 2008),
(7798, b'0', '', '', 'The Salton Sea', 2002),
(7799, b'0', '', '', 'Baby Boy', 2001),
(7800, b'0', '', '', 'The Real McCoy', 1993),
(7801, b'0', '', '', 'The Overnight', 2015),
(7802, b'0', '', '', 'The Other End of the Line', 2008),
(7803, b'0', '', '', 'Of Gods and Men/Des Hommes et des Dieux', 2010),
(7804, b'0', '', '', 'À Ma Soeur!', 2011),
(7805, b'0', '', '', 'Already Dead', 2007),
(7806, b'0', '', '', 'Angèle et Tony', 2010),
(7807, b'0', '', '', 'Coming Home', 1978),
(7808, b'0', '', '', 'Chariot', 2013),
(7809, b'0', '', '', 'Atomic Twister', 2002),
(7810, b'0', '', '', 'De Ordening', 2003),
(7811, b'0', '', '', 'C est Déjà l Été', 2010),
(7812, b'0', 'DVD', '', 'Bravetown/Strings', 2015),
(7813, b'0', '', '', 'Blind', 2014),
(7814, b'0', '', '', 'Bears', 2014),
(7815, b'0', '', '', 'The Gunman', 2015),
(7816, b'0', '', '', 'No Escape', 2015),
(7817, b'0', '', '', 'Teach Me Love', 2014),
(7818, b'0', '', '', 'Survivor', 2015),
(7819, b'0', '', '', 'Firewalker', 1986),
(7820, b'0', '', '', 'The Crying Game', 1992),
(7821, b'0', '', '', 'The Hand That Rocks the Cradle', 1992),
(7822, b'0', '', '', 'Fatal Instinct', 1993),
(7823, b'0', '', '', 'Flesh and Bone', 1993),
(7824, b'0', '', '', 'French Kiss', 1995),
(7825, b'0', '', '', 'Sugartime', 1995),
(7917, b'0', '', '', 'Fools Rush In', 1997),
(7918, b'0', '', '', 'The Birdcage', 1996),
(7919, b'0', '', '', 'The Hunchback', 1997),
(7920, b'0', '', '', 'The Mighty', 1998),
(7921, b'0', '', '', 'The Marksman', 2005),
(7922, b'0', '', '', 'For the Love of a Dog', 2008),
(7923, b'0', '', '', 'Only Love', 1998),
(7924, b'0', '', '', 'High Road to China', 1983),
(7925, b'0', '', '', 'The Reaping', 2007),
(7926, b'0', '', '', 'Exit Speed', 2008),
(7927, b'0', '', '', 'The King s Gardens/A Little Chaos', 2014),
(7928, b'0', '', '', 'The Condemned 2', 2015),
(7929, b'0', '', '', 'St. Vincent', 2014),
(7930, b'0', '', '', 'Spy', 2015),
(7931, b'0', '', 'MiniSeries', 'Secret State', 2012),
(7932, b'0', '', '', 'Unbroken', 2014),
(7933, b'0', '', '', 'To Catch a Killer', 1992),
(7934, b'0', '', '', 'The Face of an Angel', 2014),
(7935, b'0', '', '', 'The World Made Straight', 2015),
(7936, b'0', '', '', 'Self/less', 2015),
(7937, b'0', '', '', 'Ride', 2014),
(7938, b'0', '', '', 'Pressed', 2011),
(7939, b'0', '', '', 'Blackfish', 2013),
(7940, b'0', '', '', 'Faith of Our Fathers', 2015),
(7941, b'0', '', '', '5 to 7', 2014),
(7942, b'0', '', '', 'October Gale', 2014),
(7943, b'0', '', '', 'A Walk in the Woods', 2015),
(7944, b'0', '', '', 'While We re young', 2014),
(7945, b'0', '', '', 'Amy', 2015),
(7946, b'0', '', '', 'Mean Creek', 2004),
(7947, b'0', '', '', 'Surviving Christmas', 2004),
(7948, b'0', '', '', 'Class of  76', 2005),
(7949, b'0', '', '', 'Missing in America', 2005),
(7950, b'0', '', '', 'To Kill a Mockingbird', 1962),
(7951, b'0', '', '', 'The Boston Strangler', 1968),
(7952, b'0', '', '', 'Black Widow', 1987),
(7953, b'0', '', '', 'Some Kind of Wonderful', 1987),
(7954, b'0', '', '', 'Reversal of Fortune', 1990),
(7955, b'0', '', '', 'Boyz n the Hood', 1991),
(7956, b'0', '', '', 'Greedy', 1994),
(7957, b'0', '', '', 'The Paper', 1994),
(7958, b'0', '', '', 'The Walk', 2015),
(7959, b'0', '', '', 'Slow West', 2015),
(7960, b'0', '', '', 'Lost in the Sun', 2015),
(8064, b'0', '', '', 'Extinction', 2015),
(8065, b'0', '', '', 'Convict', 2014),
(8066, b'0', '', '', 'Contracted: Phase II', 2015),
(8067, b'0', '', '', 'Close Range', 2015),
(8068, b'0', '', '', 'Ant-Man', 2015),
(8069, b'0', '', '', 'Dealer', 2014),
(8070, b'0', '', '', 'Columbus Circle', 2012),
(8071, b'0', '', '', 'Hysteria', 2011),
(8072, b'0', '', '', 'Mercy Streets', 2000),
(8073, b'0', '', '', 'Jane Doe', 2001),
(8074, b'0', '', '', 'Lantana', 2001),
(8075, b'0', '', '', 'The Majestic', 2001),
(8076, b'0', '', '', 'The Wash', 2001),
(8077, b'0', '', '', 'Gerry', 2002),
(8078, b'0', '', '', 'Van Wilder', 2002),
(8079, b'0', '', '', 'House of D', 2004),
(8080, b'0', '', '', 'Le Petit Lieutenant', 2005),
(8081, b'0', '', '', 'The Perfect Man', 2005),
(8082, b'0', '', '', 'Hollywoodland', 2006),
(8083, b'0', '', '', 'Death Defying Acts', 2007),
(8084, b'0', '', '', 'Juno', 2007),
(8085, b'0', '', '', 'Resurrecting the Champ', 2007),
(8086, b'0', '', '', 'This Christmas', 2007),
(8087, b'0', '', '', 'The Tenth Circle', 2008),
(8088, b'0', '', '', '500 Days of Summer', 2009),
(8089, b'0', '', '', 'Never Surrender', 2009),
(8090, b'0', '', '', 'Le Passé - The Past', 2013),
(8091, b'0', '', '', 'Mean Machine', 2001),
(8092, b'0', '', '', 'The Haunting', 1999),
(8093, b'0', '', '', 'Bringing Out the Dead', 1999),
(8094, b'0', '', '', 'revenant', 1998),
(8095, b'0', '', '', 'Six Days Seven Nights', 1998),
(8096, b'0', '', '', 'Savior', 1998),
(8097, b'0', '', '', 'Psycho', 1998),
(8098, b'0', '', '', 'Lila & Eve', 2015),
(8099, b'0', '', '', 'Jack', 1996),
(8100, b'0', '', 'TV Mini-Series (1995– )', 'The Langoliers', 1995),
(8101, b'0', '', '', 'Sugar Hill', 1993),
(8102, b'0', '', '', 'Night Watch', 1995),
(8103, b'0', '', '', 'Just Cause', 1995),
(8104, b'0', '', '', 'Forget Paris', 1995),
(8105, b'0', '', '', 'Wyatt Earp s Revenge', 2012),
(8106, b'0', '', '', 'True Lies', 1994),
(8107, b'0', '', '', 'Little Women', 1994),
(8108, b'0', '', '', 'Menace II Society', 1993),
(8109, b'0', '', '', 'Malice', 1993),
(8110, b'0', '', '', 'The Rebound', 2009),
(8111, b'0', '', '', 'My Cousin Vinny', 1992),
(8112, b'0', '', '', 'Fortress', 1992),
(8113, b'0', '', '', 'K2', 1991),
(8332, b'0', '', '', 'In the Line of Duty Manhunt in the Dakotas', 1991),
(8333, b'0', '', '', 'Psycho IV The Beginning', 1990),
(8334, b'0', '', '', 'Psycho III', 1986),
(8335, b'0', '', '', 'The Night They Saved Christmas', 1984),
(8336, b'0', '', '', 'Psycho II', 1983),
(8337, b'0', '', '', 'Lenny', 1974),
(8338, b'0', '', '', 'Perfect Obedience', 2014),
(8339, b'0', '', '', 'Storm Seekers', 2009),
(8340, b'0', '', '', 'Gone', 2012),
(8341, b'0', '', '', 'The Big White', 2005),
(8342, b'0', '', '', 'In the Loop', 2009),
(8343, b'0', '', '', 'Romeo Must Die', 2000),
(8344, b'0', '', '', 'Attack on Darfur', 2009),
(8345, b'0', '', '', 'Good Luck Chuck', 2007),
(8346, b'0', '', '', 'Mickey Blue Eyes', 1999),
(8347, b'0', '', '', 'Nine Months', 1995),
(8348, b'0', '', '', 'Moses', 1995),
(8349, b'0', '', '', 'Target', 1985),
(8350, b'0', '', '', 'Shaft in Africa', 1973),
(8351, b'0', '', '', 'Shaft s Big Score!', 1972),
(8352, b'0', '', '', 'Natural Born Killers', 1994),
(8353, b'0', '', '', 'Driving Miss Daisy', 1989),
(8354, b'0', '', '', 'Dead Bang', 1989),
(8355, b'0', '', '', 'Grandma', 2015),
(8356, b'0', '', '', 'Harbinger Down', 2015),
(8357, b'0', '', '', 'Act of Valor', 2012),
(8358, b'0', '', '', 'The Big Easy', 1986),
(8359, b'0', '', '', 'Fatal Attraction', 1987),
(8360, b'0', '', '', 'The Big Town', 1987),
(8361, b'0', '', '', 'The Principal', 1987),
(8362, b'0', '', '', 'Drop Zone', 1994),
(8363, b'0', '', '', 'The Usual Suspects', 1995),
(8364, b'0', '', '', 'The Ghost and the Darkness', 1996),
(8365, b'0', '', '', 'Guilty as Charged', 2000),
(8366, b'0', '', '', 'Boot Camp', 2008),
(8367, b'0', '', '', 'Whip It', 2009),
(8368, b'0', '', '', '2 Guns: Zero Tolerance/Zero tolerance', 2015),
(8369, b'0', '', '', 'The Revenant', 2015),
(8370, b'0', '', '', 'The Darkest Hour', 2011),
(8371, b'0', '', '', 'In The Bedroom', 2001),
(8372, b'0', '', '', 'Underworld 1', 2003),
(8373, b'0', '', '', 'Music and Lyrics', 2007),
(8374, b'0', '', '', 'Jarhead 3 The Siege', 2016),
(8375, b'0', '', '', 'Shampoo', 1975),
(8376, b'0', '', '', 'A League of Their Own', 1992),
(8377, b'0', '', '', 'Ted 2', 2015),
(8378, b'0', '', '', 'The Golden Compass', 2007),
(8379, b'0', '', '', 'The Message', 1976),
(8380, b'0', '', '', 'The Smell of Us', 2014),
(8381, b'0', '', '', 'Edward Scissorhands', 1990),
(8382, b'0', '', '', 'Ghost', 1990),
(8383, b'0', '', '', 'Sliding Doors', 1988),
(8384, b'0', '', '', 'Sydney aka Hard Eight', 1996),
(8385, b'0', '', '', 'Guilty by Association', 2003),
(8386, b'0', '', '', 'Ashby', 2015),
(8387, b'0', '', '', 'Avengers Age of Ultron', 2015),
(8388, b'0', '', '', 'Underdog/Svenskjävel', 2014),
(8389, b'0', '', '', 'Grosse Pointe Blank', 1997),
(8390, b'0', '', '', 'Gridiron Gang', 2006),
(8391, b'0', '', '', 'The 33', 2015),
(8392, b'0', '', '', 'Straight Outta Compton', 2015),
(8393, b'0', '', '', 'The Grey Zone', 2001),
(8394, b'0', '', '', 'The Good Thief', 2002),
(8395, b'0', '', '', 'The Last Station', 2009),
(8396, b'0', '', '', 'Good Intentions', 2010),
(8397, b'0', '', '', 'A Better Life', 2011),
(8398, b'0', '', '', 'The Tall Man', 2012),
(8399, b'0', '', '', '5 Flights Up Ruth & Alex', 2014),
(8400, b'0', '', '', 'Spectre', 2015),
(8401, b'0', '', '', 'Mad Money', 2008),
(8402, b'0', '', '', 'RocknRolla', 2008),
(8403, b'0', '', '', 'I Love You Phillip Morris', 2009),
(8404, b'0', '', '', 'Taken in Broad Daylight', 2009),
(8405, b'0', '', '', 'North Sea Hijack', 1979),
(8406, b'0', '', '', 'The Champ', 1979),
(8407, b'0', '', '', 'King Solomon s Mines', 1985),
(8408, b'0', '', '', 'Cobra', 1986),
(8409, b'0', '', '', 'Angel Heart', 1987),
(8410, b'0', '', '', 'Terminator 2 Judgment Day Special Edition', 1991),
(8411, b'0', '', '', 'Accidental Hero', 1992),
(8412, b'0', '', '', 'Judgment Night', 1993),
(8413, b'0', '', '', 'Kids', 1995),
(8414, b'0', '', '', 'Shackleton', 2002),
(8415, b'0', '', '', 'Elektra', 2005),
(8416, b'0', '', '', 'Mom at Sixteen', 2005),
(8417, b'0', '', '', 'Firestorm Last Stand at Yellowstone', 2006),
(8418, b'0', '', '', 'Glory Road', 2006),
(8419, b'0', '', '', 'Heavens Fall', 2006),
(8420, b'0', '', '', 'Romanzo Criminale', 2005),
(8421, b'0', '', '', 'Freeway Killer', 2010),
(8422, b'0', '', '', 'The Captive', 2014),
(8423, b'0', '', '', 'Hitman - Agent 47', 2015),
(8424, b'0', '', '', 'Last Knights', 2015),
(8425, b'0', '', '', 'Momentum', 2015),
(8426, b'0', '', '', 'Project T Tomorrowland', 2015),
(8427, b'0', '', '', 'Caravaggio', 2007),
(8428, b'0', '', '', 'Spider-Man', 2002),
(8429, b'0', '', '', 'Spider-Man 2', 2004),
(8430, b'0', '', '', 'Spider-Man 3', 2007),
(8431, b'0', '', '', 'Sex, Lies, and Videotape', 1989),
(8432, b'0', '', '', 'The Dogs of War', 1980),
(8433, b'0', '', '', 'Look Who s Talking Too', 1990),
(8434, b'0', '', '', 'The Killer Elite', 1975),
(8435, b'0', '', '', 'La Bamba', 1987),
(8436, b'0', '', '', 'Ender s Game', 2013),
(8437, b'0', '', '', 'Get on Up', 2014),
(8438, b'0', '', '', 'Madea Goes to Jail', 2009),
(8439, b'0', '', '', 'The Disappearance Of Eleanor Rigby HER', 2013),
(8440, b'0', '', '', 'The Disappearance Of Eleanor Rigby HIM', 2013),
(8441, b'0', '', '', 'The Man without a Face', 1993),
(8442, b'0', '', '', 'The Astronaut Farmer', 2006),
(8443, b'0', '', '', 'No Reservations', 2007),
(8444, b'0', '', '', 'Knock Knock', 2015),
(9111, b'0', '', '', 'The Escort', 2015),
(9112, b'0', '', '', 'The Runner', 2015),
(9113, b'0', '', '', 'Everest', 2015),
(9114, b'0', '', '', 'Southpaw', 2015),
(9115, b'0', '', '', 'True Women', 1997),
(9116, b'0', '', '', 'The Dressmaker', 2015),
(9117, b'0', '', '', 'Youth', 2015),
(9118, b'0', '', '', 'A Bridge Too Far', 1977),
(9119, b'0', '', '', 'The Gypsy Warriors', 1978),
(9120, b'0', '', '', 'The Final Countdown', 1980),
(9121, b'0', '', '', 'The Object of My Affection', 1998),
(9122, b'0', '', '', 'A Kiss Before Dying', 1991),
(9123, b'0', '', '', 'The Rookie', 2002),
(9124, b'0', '', '', 'Standing Still', 2005),
(9125, b'0', '', '', 'The Queen', 2006),
(9126, b'0', '', '', 'The Contract', 2006),
(9127, b'0', '', '', 'The Hunger Games', 2012),
(9128, b'0', '', '', 'The Hunger Games Catching Fire', 2013),
(9129, b'0', '', '', 'The Hunger Games Mockingjay - Part 1', 2014),
(9130, b'0', '', '', 'The Alamo', 2004),
(9131, b'0', '', '', 'Regression', 2015),
(9132, b'0', '', '', 'Dragon Blade', 2015),
(9133, b'0', '', '', 'Dark Places', 2015),
(9134, b'0', '', '', 'Black Mass', 2015),
(9135, b'0', '', '', 'In the Heart of the Sea', 2015),
(9136, b'0', '', '', 'Reggae Sunsplash', 1980),
(9137, b'1', 'DVD', '', 'Still Alice', 2014),
(9138, b'1', 'DVD', '', 'Tom at the Farm', 2013),
(9139, b'1', 'DVD', '', 'Café de Flore', 2011),
(9140, b'0', '', '', ' Ratter', 2015),
(9141, b'0', '', '', 'I ll See You in My Dreams', 2015),
(9142, b'0', '', '', 'Mercenary: Absolution', 2015),
(9143, b'0', '', '', 'The 11th Hour/ am here', 2014),
(9144, b'0', '', '', 'Honey 2', 2011),
(9145, b'0', 'DVD', '', 'Pawn Sacrifice', 2014),
(9146, b'0', '', '', 'Where Hope Grows', 2014),
(9147, b'0', '', '', 'The Throwaways ', 2015),
(9148, b'0', '', '', 'The Program', 2015),
(9149, b'0', '', '', 'Steve Jobs', 2015),
(9150, b'0', '', '', 'Run All Night', 2015),
(9151, b'0', '', '', 'Rosewood Lane', 2011),
(9152, b'0', '', '', 'The Final Storm', 2010),
(9153, b'0', '', '', 'The Challenger Disaster', 2013),
(9154, b'0', '', '', 'The Lookout', 2007),
(9155, b'0', '', '', 'Layer Cake', 2004),
(9156, b'0', '', '', 'Snow Dogs', 2002),
(9157, b'0', '', '', 'Deep Rising', 1998),
(9158, b'0', '', '', 'The Man with the Golden Gun', 1974),
(9159, b'0', '', '', 'The Birds', 1963),
(9274, b'0', '', '', 'The Benny Goodman Story', 1956),
(9275, b'0', '', '', 'The Glenn Miller Story', 1954),
(9276, b'0', '', '', 'The Sugarland Express', 1974),
(9277, b'0', '', '', 'Lassie Come Home', 1943),
(9278, b'0', '', '', 'Courage of Lassie', 1946),
(9279, b'0', '', '', 'Son of Lassie', 1945),
(9280, b'0', '', '', 'Three Days of the Condor', 1975),
(9281, b'0', '', '', 'The Veil', 2016),
(9282, b'0', '', '', 'The Tenth Man', 1988),
(9283, b'0', '', '', 'The Finest Hours', 2016),
(9284, b'0', '', '', 'Dressed to Kill', 1980),
(9285, b'0', '', '', 'Escape from New York', 1981),
(9286, b'0', '', '', 'Raiders of the Lost Ark', 1981),
(9287, b'0', '', '', 'Indiana Jones and the Temple of Doom', 1984),
(9288, b'0', '', '', 'Indiana Jones and the Last Crusade', 1989),
(9289, b'0', '', '', 'The River', 1984),
(9290, b'0', '', '', 'An Innocent Man', 1989),
(9291, b'0', '', '', 'The Package', 1989),
(9292, b'0', '', '', 'Turner & Hooch', 1989),
(9293, b'0', '', '', 'Everybody Wins', 1990),
(9294, b'0', '', '', 'The Comfort of Strangers - Cortesie per gli Ospiti', 1990),
(9295, b'0', '', '', 'City of Joy', 1992),
(9296, b'0', '', '', 'Night and the City', 1992),
(9297, b'0', '', '', 'Of Mice and Men', 1992),
(9298, b'0', '', '', 'Rapid Fire', 1992),
(9299, b'0', '', '', 'A Bronx Tale', 1993),
(9300, b'0', '', '', 'Mad Dog and Glory', 1993),
(9301, b'0', '', '', 'In the Line of Duty - Hunt for Justice', 1995),
(9302, b'0', '', '', 'Lord of Illusions Directors Cut', 1995),
(9303, b'0', '', '', 'Mallrats', 1995),
(9304, b'0', '', '', 'Texas Justice', 1995),
(9305, b'0', '', '', 'The First Wives Club', 1996),
(9306, b'0', '', '', 'Booty Call', 1997),
(9307, b'0', '', '', 'LA Confidential', 1997),
(9308, b'0', '', '', 'Soldier', 1998),
(9309, b'0', '', '', 'David Copperfield', 2000),
(9365, b'0', '', '', 'Return to Me', 2000),
(9366, b'0', '', '', 'The Legend of Bagger Vance', 2000),
(9367, b'0', '', '', 'One Eyed King', 2001),
(9368, b'0', '', '', 'Submarines', 2003),
(9369, b'0', '', '', 'The Sweetest Thing', 2002),
(9370, b'0', '', '', 'Radio', 2003),
(9371, b'0', '', '', 'The Girl Next Door', 2004),
(9372, b'0', '', '', 'The Killing of John Lennon', 2006),
(9373, b'0', '', '', 'Slipstream', 2007),
(9374, b'0', '', '', 'The Alphabet Killer', 2008),
(9375, b'0', '', '', 'Fish Tank', 2009),
(9376, b'0', '', '', 'The Snitch Carte - El Cartel de los Sapos', 2011),
(9377, b'0', '', '', 'Before We Go', 2014),
(9378, b'0', '', '', 'Elephant Song', 2014),
(9379, b'0', '', '', 'Unseen Holocaust', 2014),
(9380, b'0', '', '', 'Backtrack', 2015),
(9381, b'0', '', '', 'Burnt', 2015),
(9382, b'0', '', '', 'Carol', 2015),
(9383, b'0', '', '', 'Disorder - Maryland', 2015),
(9384, b'0', '', '', 'Star Wars: The Force Awakens - Star Wars: Episode VII - The Force Awakens', 2015),
(9385, b'0', '', '', 'Stealing Cars', 2015),
(9386, b'0', '', '', 'The Adderall Diaries', 2015),
(9387, b'0', '', '', 'The Lobster', 2015),
(9388, b'0', '', '', '13 Hours', 2016),
(9389, b'0', '', '', 'Deadpool', 2016),
(9390, b'0', '', '', 'Eddie the Eagle', 2016),
(9742, b'0', '', '', 'Fifty Shades of Black', 2016),
(9743, b'0', '', '', 'London Has Fallen', 2016),
(9744, b'0', '', '', 'Ride Along 2', 2016),
(9745, b'0', '', '', 'Dirty Grandpa', 2016),
(9746, b'0', '', '', 'The Challenger', 2015),
(9747, b'0', '', '', 'Chopper', 2000),
(9748, b'0', '', '', 'Forsaken', 2015),
(9749, b'0', '', '', 'Whiplash', 2014),
(9750, b'0', '', '', 'Automata', 2014),
(9751, b'0', '', '', 'Atonement', 2007),
(9752, b'0', '', '', 'The Green Mile', 1999),
(9753, b'0', '', '', 'Krigen- A War', 2015),
(9754, b'0', '', '', 'Lebanon', 2009),
(9755, b'0', '', '', 'A Perfect Day', 2015),
(9756, b'0', '', '', 'Shooter', 2007),
(9757, b'0', '', '', 'The Fisher King', 1991),
(9758, b'0', '', '', 'Spotlight', 2015),
(9759, b'0', '', '', 'THX 1138', 1971),
(9760, b'0', '', '', 'The Organization', 1971),
(9761, b'0', '', '', 'The Journey of Natty Gann', 1985),
(9762, b'0', '', '', 'Citizen Kane', 1941),
(9763, b'0', '', '', 'Secret in Their Eyes', 2015),
(9764, b'0', '', '', 'Aya Arcos', 2014),
(9765, b'0', '', '', '99 Homes', 2014),
(9766, b'0', '', '', 'The Mists of Avalon', 2001),
(9767, b'0', '', '', 'Dykaren - The Diver', 2000),
(9768, b'0', '', '', 'The Age of Innocence', 1993),
(9769, b'0', '', '', 'Stand By Me', 1986),
(9770, b'0', '', '', 'The Curse of the Jade Scorpion', 2001),
(9771, b'0', '', '', 'Bandidas', 2006),
(9772, b'0', '', '', 'Freeheld ', 2015),
(9773, b'0', '', ' TV Mini-Series', 'After the Promise', 1987),
(9774, b'0', '', '', 'McVicar', 1980),
(9775, b'0', '', '', 'Cat on a Hot Tin Roof', 1958),
(9776, b'0', '', '', 'Hannah and Her Sisters', 1986),
(9777, b'0', '', '', 'Jumpin Jack Flash', 1986),
(9778, b'0', '', '', 'Abel', 1986),
(9779, b'0', '', '', 'De Ratelrat', 1987),
(9780, b'0', '', '', 'Bloedlink', 2014),
(9781, b'0', '', '', 'K-PAX', 2001),
(9782, b'0', '', '', 'Boat Trip', 2002),
(9783, b'0', '', '', 'The Italian Job', 1969),
(9784, b'0', '', '', 'Valmont', 1989),
(9785, b'0', '', '', 'Turks Fruit', 1973),
(9786, b'0', '', '', 'Triple 9', 2016),
(9787, b'0', '', '', 'Someone s Watching Me!', 1978),
(9788, b'0', '', '', 'The Falcon and the Snowman', 1985),
(9789, b'0', '', '', 'Prison', 1987),
(9790, b'0', '', '', 'The Freshman', 1990),
(9791, b'0', '', '', 'Shakespeare in Love', 1998),
(9792, b'0', '', '', 'Stormy Weather', 2003),
(9793, b'0', '', '', 'River Queen', 2005),
(9794, b'0', '', '', 'The New World (Extended Cut)', 2005),
(9795, b'0', '', '', 'Miss You Already', 2015),
(9796, b'0', '', '', 'Rock the Kasbah', 2015),
(9926, b'0', '', '', 'Now You See Me 2', 2016),
(9927, b'0', '', '', 'Mannen på taket - Man on the Roof', 1976),
(9928, b'0', '', '', 'The Legend of Tarzan', 2016),
(9929, b'0', '', 'TV-movie', 'Crossing the Line', 2002),
(9930, b'0', '', '', 'Goya s Ghosts', 2006),
(9931, b'0', '', '', 'Angels Fall', 2007),
(9932, b'0', '', ' TV Mini-Series', 'Rain Shadow', 2007),
(9933, b'0', '', '', 'Brothers of the Wind', 2015),
(9934, b'0', '', '', 'Mother s Day', 2016),
(9935, b'0', '', '', 'Neighors 2: Sorority Rising', 2016),
(9936, b'0', '', '', 'Cop Car', 2015),
(9937, b'0', '', '', 'Septembers of Shiraz', 2015),
(9938, b'0', '', '', 'The Nice Guys', 2016),
(9939, b'0', '', '', 'Romancing the Stone', 1984),
(9940, b'0', '', '', 'Light Sleeper', 1992),
(9941, b'0', '', '', 'Prelude to a Kiss', 1992),
(9942, b'0', '', '', 'In the Line of Fire', 1993),
(9943, b'0', '', '', 'Milk Money', 1994),
(9944, b'0', '', '', 'Judge Dredd', 1995),
(9945, b'0', '', '', 'The Family Man', 2002),
(9946, b'0', '', '', 'Serendipity', 2001),
(9947, b'0', '', '', 'Half Nelson', 2006),
(9948, b'0', '', '', 'Tropic Thunder', 2008),
(9949, b'0', '', '', 'Jesse Stone: Lost in Paradise', 2015),
(9950, b'0', '', '', '90 Minutes in Heaven', 2015),
(9951, b'0', '', '', 'Jeremiah Johnson', 1972),
(9952, b'0', '', '', 'Smokey and the Bandit', 1977),
(9953, b'0', '', '', 'Smokey and the Bandit II', 1980),
(9954, b'0', '', '', 'Smokey and the Bandit Part 3', 1983),
(9955, b'0', '', '', 'Absolute Beginners', 1986),
(9956, b'0', '', '', 'Only You', 1994),
(9957, b'0', '', '', 'Epoch', 2001),
(9958, b'0', 'DVDR', '', 'Imagining Argentina', 2003),
(9959, b'0', '', '', 'Io non ho paura - I m Not Scared', 2003),
(9960, b'0', '', '', 'Bringing Down the House', 2003),
(9961, b'0', '', 'TV Mini-Series', 'Covert One: The Hades Factor', 2006),
(9962, b'0', '', '', 'First Blood', 1982),
(9963, b'0', '', '', 'Rambo: First Blood Part II', 1985),
(9964, b'0', '', '', 'Rambo III', 1988),
(9965, b'0', '', '', 'Wounded', 1997),
(9966, b'0', '', '', 'Dark City', 1998),
(10180, b'0', '', '', 'Bravo Two Zero', 1999),
(10181, b'0', '', '', 'Living with the Dead', 2002),
(10182, b'0', '', '', 'Spartacus', 2004),
(10183, b'0', '', '', 'Mean Streets', 1973),
(10184, b'0', '', '', 'No Man s Land', 1987),
(10185, b'0', '', '', 'De kassière', 1989),
(10186, b'0', '', '', 'Bullets Over Broadway', 1994),
(10187, b'0', '', '', '13 Tzameti', 2005),
(10188, b'0', '', '', 'Big Nothing', 2006),
(10189, b'0', '', '', 'Crank', 2006),
(10190, b'0', '', '', 'Rescue Dawn', 2006),
(10191, b'0', '', '', 'Cell', 2016),
(10192, b'0', '', '', 'The Hateful Eight', 2015),
(10193, b'0', '', '', 'Our Brand Is Crisis', 2015),
(10194, b'0', '', '', 'High Rise', 2015),
(10195, b'0', '', '', 'Concussion ', 2015),
(10196, b'0', '', '', 'Nightcrawler', 2014),
(10197, b'0', '', '', 'Next Time I ll Aim for the Heart', 2014),
(10198, b'0', '', '', 'Tupac Assassination: Conspiracy or Revenge', 2009),
(10199, b'0', 'DVDR', '', 'Tombstone', 1993),
(10200, b'0', '', '', 'I Am Legend', 2007),
(10201, b'0', '', '', 'Across the Universe', 2007),
(10202, b'0', '', 'TV Mini-Series (2007– )', 'Torpedo', 2007),
(10203, b'0', '', '', 'The Possession', 2012),
(10204, b'0', '', '', 'Under the Skin', 2013),
(10205, b'0', '', '', 'Air', 2015),
(10206, b'0', '', '', 'Camino', 2015),
(10207, b'0', '', '', 'Trumbo', 2015),
(10208, b'0', '', '', 'Woodlawn', 2015),
(10209, b'0', '', '', 'Blackhat', 2015),
(10210, b'0', '', '', 'Colors', 1988),
(10211, b'0', '', '', 'Arizona Dream', 1993),
(10341, b'0', '', '', 'Before Sunset', 2004),
(10342, b'0', '', '', 'Before Sunrise', 1995),
(10343, b'0', '', '', 'Aurora Borealis', 2005),
(10344, b'0', '', '', 'Carolina Moon', 2007),
(10345, b'0', '', '', 'The Danish Girl', 2015),
(10346, b'0', '', '', 'Legal Eagles', 1986),
(10347, b'0', '', '', 'Beautiful Creatures', 2013),
(10348, b'0', '', '', 'Cop Land', 1997),
(10349, b'0', '', '', 'Showgirls', 1995),
(10350, b'0', '', '', 'I Am David', 2003),
(10351, b'0', '', '', 'In My Country - Country of My Skull', 2004),
(10352, b'0', '', '', 'Exit', 2006),
(10353, b'0', '', '', 'High Noon', 2009),
(10354, b'0', '', '', 'Safe Harbor', 2009),
(10355, b'0', '', '', 'The Keeper of Lost Causes/Kvinden i buret', 2013),
(10356, b'0', '', '', 'Eye in the Sky', 2015),
(10357, b'0', '', '', 'Ithaca', 2015),
(10358, b'0', '', '', 'All the Way', 2016),
(10359, b'0', '', '', 'Elle', 2016),
(10360, b'0', '', '', 'The Trust', 2016),
(10361, b'0', '', '', '08/15', 1954),
(10362, b'0', '', '', 'Bastille Day ( The Take )', 2016),
(10363, b'0', '', '', 'Beyond the Steppes', 2010),
(10364, b'0', '', '', 'Careful What You Wish For', 2015),
(10365, b'0', '', '', 'Desierto', 2015),
(10366, b'0', '', '', 'Hallam Foe', 2007),
(10367, b'0', '', '', 'Holding the Man', 2015),
(10368, b'0', '', '', 'HouseSitter', 1992),
(10369, b'0', '', '', 'Hyena Road', 2015),
(10370, b'0', '', '', 'Jude', 1996),
(10371, b'0', '', '', 'L ange de goudron', 2001),
(10372, b'0', '', '', 'Learning to Drive', 2014),
(10373, b'0', '', '', 'Maggie s Plan', 2015),
(10374, b'0', '', '', 'Mechanic: Resurrection', 2016),
(10375, b'0', '', '', 'My Blue Heaven', 1990),
(10376, b'0', '', '', 'Narc', 2002),
(10377, b'0', '', '', 'Never Back Down: No Surrender', 2016),
(10378, b'0', '', '', 'Osama', 2003),
(10379, b'0', '', '', 'Our Kind of Traitor', 2016),
(10380, b'0', '', '', 'Ranarna/At Point Blank', 2003),
(10381, b'0', '', '', 'Remember', 2015),
(10602, b'0', '', '', 'Reykjavik-Rotterdam', 2008),
(10603, b'0', '', '', 'Rise of the Footsoldier Part II', 2015),
(10604, b'0', '', '', 'Romance & Cigarettes', 2005),
(10605, b'0', '', '', 'Shanghai', 2010),
(10606, b'0', '', '', 'The Snitch Cartel', 2011),
(10607, b'0', '', '', 'The Lost Boys', 1987),
(10608, b'0', '', '', 'The Lawnmower Man', 1992),
(10609, b'0', '', '', 'The Family Fang', 2015),
(10610, b'0', '', '', 'The Darkness', 2016),
(10611, b'0', '', '', 'Texasville', 1990),
(10612, b'0', '', '', 'Term Life', 2016),
(10613, b'0', '', '', 'Tale of Tales', 2015),
(10614, b'0', '', '', 'Stockholm Östra/Stockholm East', 2011),
(10615, b'0', '', '', 'Stay Hungry', 1976),
(10616, b'0', '', '', 'Stardust', 2007),
(10617, b'0', '', '', 'Star Trek Beyond', 2016),
(10618, b'0', '', '', 'Le Mans', 1971),
(10619, b'0', '', '', 'Blanc comme Neige/White Snow', 2010),
(10620, b'0', '', '', 'Puncture', 2011),
(10621, b'0', '', '', 'Courageous', 2011),
(10622, b'0', '', '', 'Presumed Innocent', 1990),
(10623, b'0', '', '', 'The Wave', 1981),
(10624, b'0', '', '', 'Fireproof', 2008),
(10625, b'0', '', '', 'Percentage', 2014),
(10626, b'0', '', '', 'Truth', 2015),
(10627, b'0', '', '', 'Anthropoid', 2016),
(10628, b'0', '', '', 'Urge', 2016),
(10629, b'0', '', '', 'Facing the Giants', 2006),
(10630, b'0', '', '', 'Challenge To Lassie', 1949),
(10631, b'0', '', '', 'F.I.S.T.', 1978),
(10632, b'0', '', '', 'Pak van mijn hart', 2014),
(10633, b'0', '', '', 'Avengers: Age of Ultron', 2015),
(10634, b'0', '', '', 'Joy', 2015),
(10635, b'0', '', '', 'Brother s Keeper', 2013),
(10636, b'0', '', '', 'Central Intelligence', 2016),
(10637, b'0', '', '', 'Rebirth', 2016),
(10638, b'0', '', '', 'The Duel', 2016),
(10639, b'0', '', '', 'Miracles from Heaven', 2016),
(10640, b'0', '', '', 'Hawaii, Oslo', 2004),
(10641, b'0', '', '', 'Rogue Agent - Newcomer', 2015),
(10642, b'0', '', '', 'Shiner', 2000),
(10745, b'0', '', 'Miniserie', 'Morden', 2009),
(10746, b'0', '', '', 'The Shallows', 2016),
(10747, b'0', '', '', 'The Mambo Kings', 1992),
(10748, b'0', '', '', 'Dead Man s Shoes', 2004),
(10749, b'0', '', '', 'The Fear of 13', 2015),
(10750, b'0', '', '', 'The Huntsman: Winter s War', 2016),
(10751, b'0', '', 'TV-serie', 'Tellus', 2014),
(10752, b'1', '', 'TV-movie, 2DVDs', 'Exodus ', 2007),
(10753, b'0', '', '', 'Allegiant ', 2016),
(10754, b'1', '', 'TV-serie, 2DVDs', 'Trafics/Contraband', 2012),
(10755, b'0', '', '', 'The Next Karate Kid', 1994),
(10756, b'0', '', '', 'Svenskjävel/Underdog', 2014),
(10757, b'0', '', '', 'Sharky s Machine', 1981),
(10758, b'0', '', '', 'Return to Sender', 2004),
(10759, b'0', '', '', 'Kindergarten Cop 2', 2016),
(10760, b'0', '', 'Miniserie', 'Generation Kill', 2008),
(10761, b'0', '', '', '83 Hours Til Dawn', 1990),
(10762, b'0', '', '', 'Night Crossing', 1982),
(10763, b'0', '', '', 'Now You See Me', 2013),
(10764, b'0', '', '', 'Daddy s Home', 2015),
(10765, b'0', '', '', 'Star Wars: Episode IV - A New Hope', 1977),
(10766, b'0', '', '', 'Star Wars: Episode V - The Empire Strikes Back', 1980),
(10767, b'0', '', '', 'Star Wars: Episode VI - Return of the Jedi', 1983),
(10912, b'0', 'DVD', '', 'The Big Short ', 2015),
(10913, b'0', 'DVD', '', 'Freelancers', 2012),
(10914, b'0', '', '', 'American Psycho', 2000),
(10915, b'0', '', '', 'Beyond Valkyrie: Dawn of the 4th Reich', 2016),
(10916, b'0', '', '', 'Hell or High Water', 2016),
(10917, b'0', '', '', 'I Origins', 2014),
(10918, b'0', '', '', 'Il papà di Giovann - Giovanna s Father', 2008),
(10919, b'0', '', '', 'Meadowland', 2015),
(10920, b'0', '', '', 'War Dogs', 2016),
(10921, b'0', '', '', 'Black Beauty', 1994),
(10922, b'0', '', '', 'Hair', 1979),
(10923, b'0', '', '', 'Coal Miner s Daughter', 1980),
(10924, b'0', '', '', 'TRON', 1982),
(10925, b'0', '', '', 'Beloved', 1998),
(10926, b'0', '', '', 'Loose Cannons', 1990),
(10927, b'0', '', '', 'Regarding Henry', 1991),
(10928, b'0', '', '', 'Mistress', 1992),
(10929, b'0', '', '', 'Shallow Grave', 1994),
(10930, b'0', '', '', 'The Gingerbread Man', 1998),
(10931, b'0', '', '', 'From Dusk Till Dawn 2: Texas Blood Money', 1999),
(10932, b'0', '', '', 'From Dusk Till Dawn 3: The Hangman s Daughter', 1999),
(10933, b'0', '', '', 'Oxygen/Dying to Escape', 1999),
(10934, b'0', '', '', 'Rated X', 2000),
(10935, b'0', '', '', 'Submerged', 2000),
(10936, b'0', '', '', 'Treading Water', 2001),
(10937, b'0', '', '', 'Fidel', 2002),
(10938, b'0', '', '', 'Spun', 2002),
(10939, b'0', '', '', 'Ike: Countdown to D-Day', 2004),
(10940, b'0', '', '', 'Peaches', 2004),
(10941, b'0', '', '', 'Savannah', 2013),
(10942, b'0', '', '', 'The Hunger Games: Mockingjay - Part 2', 2015),
(10943, b'0', '', '', 'San Andreas', 2015),
(10944, b'0', '', '', 'War Pigs - Saints And Soldiers', 2015),
(10945, b'0', '', '', 'Rendez Vous', 2015),
(10946, b'0', '', '', 'Into the Grizzly Maze', 2015),
(10947, b'0', '', '', 'The Cookout', 2004),
(10948, b'0', '', '', 'Brick', 2005),
(10949, b'0', '', '', 'Dot.Kill', 2005),
(10950, b'0', '', '', 'Just Friends', 2005),
(10951, b'0', '', '', 'Today You Die', 2005),
(10952, b'0', '', '', 'Catch and Release', 2006),
(10953, b'0', '', '', 'La Raison du Plus Faible', 2006),
(10954, b'0', '', '', 'La Sconosciuta/The Unknown Woman', 2006),
(10955, b'0', '', '', 'Underworld Evolution', 2006),
(10956, b'0', '', '', 'Nitro', 2007),
(10957, b'0', '', '', 'Pandemic', 2007),
(10998, b'0', '', '', 'Suburban Girl', 2007),
(10999, b'0', '', '', 'I Come with the Rain', 2009),
(11000, b'0', '', '', 'Role Models', 2008),
(11001, b'0', '', '', 'The Midnight Meat Train', 2008),
(11002, b'0', '', '', 'De Punt', 2009),
(11003, b'0', '', '', 'Growth', 2010),
(11004, b'0', '', '', 'My Nanny s Secret', 2009),
(11005, b'0', '', '', 'Año Bisiesto/Leap Year', 2010),
(11006, b'0', '', '', 'Easy A', 2010),
(11007, b'0', '', '', 'Kill Speed', 2010),
(11008, b'0', '', '', 'TRON: Legacy', 2010),
(11009, b'0', '', '', 'La Fille du Puisatier/The Well-Digger s Daughter', 2011),
(11010, b'0', '', '', 'Pressure', 2015),
(11011, b'0', '', '', 'Man Up', 2015),
(11012, b'0', '', '', 'Legacy', 2015),
(11013, b'0', '', '', 'Kill Me Three Times', 2014),
(11014, b'0', '', '', 'Terror Train', 1980),
(11015, b'0', '', '', 'Gattaca', 1997),
(11016, b'0', '', '', 'Dirty Pretty Things', 2002),
(11017, b'0', '', '', 'Elegy', 2008),
(11018, b'0', '', '', 'Le Prénom/What s in a Name', 2012),
(11019, b'0', '', '', 'Bullet', 2014),
(11020, b'0', '', '', 'Eden', 2015),
(11021, b'0', '', '', 'Love & Mercy', 2014),
(11022, b'0', '', '', 'Out of the Dark', 2014),
(11023, b'0', '', '', 'Ruth & Alex/5 Flights Up', 2014),
(11024, b'0', '', '', 'Age of Kill', 2015),
(11025, b'0', '', '', 'Echo Effect/Chain of Command', 2015),
(11026, b'0', '', '', 'Entourage', 2015),
(11027, b'0', '', '', 'Free Fall', 2015),
(11028, b'0', '', '', 'Gods Of Egypt', 2016),
(11029, b'0', '', '', 'Guess Who s Coming to Dinner', 1967),
(11030, b'0', '', '', 'Jason Bourne', 2016),
(11031, b'0', '', '', 'Suicide Squad', 2016),
(11032, b'0', '', '', 'The Front Page', 1974),
(11033, b'0', '', '', 'White Christmas', 1954),
(11034, b'0', '', '', 'The Polar Express', 2004),
(11035, b'0', '', '', 'True Memoirs of an International Assassin', 2016),
(11036, b'0', '', '', 'Popeye', 1980),
(11220, b'0', '', '', 'White Tiger', 1996),
(11221, b'0', '', '', 'Lethal Weapon', 1987),
(11222, b'0', '', '', 'Lethal Weapon 2', 1989),
(11223, b'0', '', '', 'Lethal Weapon 3', 1993),
(11224, b'0', '', '', 'Lethal Weapon 4', 1998),
(11225, b'0', '', '', 'Dr No', 1962),
(11226, b'0', '', '', 'Russia With Love', 1963),
(11227, b'0', '', '', 'Goldfinger', 1964),
(11228, b'0', '', '', 'Thunderball', 1965),
(11229, b'0', '', '', 'Only Live Twice', 1967);
INSERT INTO `dvd` (`id`, `bonus`, `origin`, `remarks`, `title`, `year`) VALUES
(11230, b'0', '', '', 'On Her Majesty s Secret Service', 1969),
(11231, b'0', '', '', 'Diamonds Forever', 1971),
(11232, b'0', '', '', 'Live And Let Die', 1973),
(11233, b'0', '', '', 'Spy Who Loved Me', 1977),
(11234, b'0', '', '', 'Moonraker', 1979),
(11235, b'0', '', '', 'For Your Eyes Only', 1981),
(11236, b'0', '', '', 'Octopussy', 1983),
(11237, b'0', '', '', 'A View To A Kill', 1985),
(11238, b'0', '', '', 'Living Daylights', 1987),
(11239, b'0', '', '', 'Licence To Kill', 1989),
(11240, b'0', '', '', 'Goldeneye', 1995),
(11241, b'0', '', '', 'Tomorow Never Dies', 1997),
(11242, b'0', '', '', 'World Not Enough', 1999),
(11243, b'0', '', '', 'Blood In, Blood Out/Bound by Honor', 1993),
(11244, b'0', '', '', 'I Saw the Light', 2015),
(11245, b'0', '', '', 'The Whole Truth', 2016),
(11246, b'0', '', '', 'Sully', 2016),
(11490, b'0', '', '', 'Perfetti sconosciuti/Perfect Strangers', 2016),
(11491, b'0', '', '', 'Manglehorn ', 2014),
(11492, b'0', '', '', 'Inferno', 2016),
(11493, b'0', '', '', 'Hands of Stone', 2016),
(11494, b'0', '', '', 'Ben-Hur', 2016),
(11495, b'0', '', '', 'Skin', 2008),
(11496, b'0', '', '', 'Ma mère', 2004),
(11497, b'0', '', '', 'Twister', 1996),
(11498, b'0', '', '', 'Sling Blade', 1996),
(11499, b'0', '', '', 'Little Man Tate', 1991),
(11500, b'0', '', '', 'To Live and Die in L.A.', 1985),
(11501, b'0', 'DVD', '', 'Mommy', 2014),
(11502, b'0', 'DVD', '', 'Laurence Anyways', 2012),
(11503, b'0', 'DVD', '', 'Les Amours Imaginaires/Heartbeats', 2010),
(11504, b'0', 'DVD', '', 'J ai tué ma mère/I Killed My Mother', 2009),
(11505, b'0', '', '', 'Brandende Liefde', 1983),
(11506, b'0', '', '', 'Local Hero', 1983),
(11507, b'0', '', '', 'Deep Impact', 1998),
(11508, b'0', '', '', 'De Tweeling', 2002),
(11509, b'0', '', 'TV Mini-Series', 'Rose red', 2002),
(11510, b'0', '', '', 'The Accountant', 2016),
(11511, b'0', '', '', 'Pirates of the Caribbean: On Stranger Tides', 2011),
(11512, b'0', '', 'TV Mini-Series', 'Kane & Abel', 1985),
(11513, b'0', '', '', 'Morgan', 2016),
(11514, b'0', '', '', 'I Am Bold', 2016),
(11515, b'0', '', '', 'Dog Eat Dog', 2016),
(11516, b'0', '', '', 'Bad Moms', 2016),
(11517, b'0', '', '', 'Hunt for the Wilderpeople', 2016),
(11518, b'0', '', '', 'Gibraltar', 2013),
(11519, b'0', '', '', 'Deadline', 2012),
(11520, b'0', '', '', 'Dreamcatcher', 2003),
(11521, b'0', '', '', 'Flightplan', 2005),
(11522, b'0', '', '', 'The Ballad of Jack and Rose', 2005),
(11523, b'0', '', '', 'Basic Instinct 2', 2006),
(11524, b'0', '', '', 'Fri os fra det onde/Deliver Us from Evil', 2009),
(11525, b'0', 'DVD', '', 'Chaplin ', 1992),
(11526, b'0', 'DVD', '', 'The Judge', 2014),
(11527, b'0', '', '', 'Miséricorde', 2016),
(11528, b'0', '', '', 'Le passé devant nous', 2016),
(11529, b'0', '', '', 'Rememory', 2017),
(11530, b'0', 'DVD', 'Regio 1, english subtitles, also available via Itunes', 'Polytechnique ', 2009),
(11531, b'0', '', '', 'Aveux ', 2009),
(11532, b'0', '', '', 'Mirador ', 2010),
(11533, b'0', 'DVD', 'Regio 1, english subtitles, also available via Itunes', 'Frisson des collines', 2011),
(11534, b'1', 'DVD', 'Regio 1, english subtitles, also available via Itunes', 'Inch\'Allah', 2012),
(11535, b'0', '', '', 'La marraine', 2014),
(11536, b'1', 'DVD', 'Regio 1, english subtitles', 'Les loups', 2014),
(11537, b'0', '', '', 'Consumed', 2014);

-- --------------------------------------------------------

--
-- Table structure for table `dvd_actors`
--

CREATE TABLE `dvd_actors` (
  `dvd_id` bigint(20) NOT NULL,
  `actors_id` bigint(20) NOT NULL
) ENGINE=InnoDB DEFAULT CHARSET=latin1;

--
-- Dumping data for table `dvd_actors`
--

INSERT INTO `dvd_actors` (`dvd_id`, `actors_id`) VALUES
(2, 1),
(3, 1),
(5, 1),
(6, 1),
(7, 1),
(8, 1),
(9, 1),
(10, 1),
(11, 1),
(12, 1),
(13, 1),
(14, 1),
(15, 1),
(16, 1),
(17, 1),
(18, 1),
(19, 1),
(23, 1),
(24, 1),
(25, 1),
(26, 1),
(27, 1),
(28, 1),
(29, 1),
(30, 1),
(31, 1),
(32, 1),
(33, 1),
(34, 1),
(35, 1),
(36, 1),
(37, 1),
(38, 1),
(39, 1),
(834, 1),
(41, 2),
(42, 2),
(43, 2),
(44, 2),
(45, 2),
(48, 2),
(49, 2),
(50, 2),
(836, 2),
(837, 2),
(53, 3),
(54, 3),
(57, 3),
(58, 3),
(59, 3),
(60, 3),
(61, 3),
(62, 3),
(64, 3),
(65, 3),
(66, 3),
(67, 3),
(68, 3),
(69, 4),
(70, 4),
(71, 4),
(72, 4),
(73, 4),
(74, 4),
(75, 4),
(76, 4),
(77, 4),
(78, 4),
(79, 4),
(80, 4),
(81, 4),
(83, 4),
(84, 5),
(85, 5),
(86, 5),
(87, 5),
(88, 5),
(89, 5),
(90, 5),
(91, 5),
(92, 5),
(93, 7),
(94, 7),
(96, 7),
(97, 7),
(98, 7),
(99, 7),
(100, 7),
(101, 7),
(102, 7),
(103, 7),
(104, 7),
(105, 7),
(107, 7),
(108, 7),
(109, 7),
(111, 7),
(112, 7),
(113, 7),
(116, 7),
(117, 7),
(118, 7),
(119, 7),
(120, 7),
(121, 7),
(122, 7),
(6, 8),
(123, 8),
(124, 8),
(125, 8),
(126, 8),
(127, 8),
(128, 8),
(129, 8),
(130, 8),
(131, 8),
(132, 8),
(133, 8),
(134, 8),
(135, 8),
(136, 8),
(137, 8),
(138, 8),
(139, 8),
(140, 8),
(141, 8),
(142, 8),
(143, 8),
(144, 8),
(145, 8),
(146, 8),
(147, 8),
(148, 8),
(149, 8),
(150, 8),
(151, 8),
(152, 8),
(153, 8),
(154, 8),
(155, 8),
(156, 8),
(157, 8),
(158, 8),
(159, 8),
(160, 8),
(161, 8),
(162, 8),
(164, 8),
(165, 8),
(166, 9),
(167, 9),
(168, 9),
(169, 9),
(170, 9),
(171, 9),
(172, 9),
(173, 9),
(174, 9),
(175, 9),
(176, 9),
(177, 9),
(178, 9),
(179, 9),
(180, 9),
(181, 9),
(182, 9),
(183, 9),
(184, 9),
(185, 9),
(186, 9),
(187, 9),
(188, 9),
(189, 9),
(190, 9),
(191, 9),
(192, 9),
(193, 9),
(194, 9),
(195, 9),
(196, 9),
(197, 9),
(198, 9),
(199, 9),
(200, 9),
(202, 11),
(204, 11),
(205, 11),
(206, 11),
(207, 11),
(208, 11),
(209, 11),
(210, 11),
(211, 11),
(213, 11),
(214, 11),
(215, 11),
(216, 11),
(217, 11),
(218, 11),
(219, 11),
(220, 11),
(221, 11),
(223, 11),
(225, 11),
(226, 11),
(227, 11),
(228, 11),
(229, 11),
(230, 11),
(228, 12),
(231, 12),
(232, 12),
(233, 12),
(234, 12),
(235, 12),
(236, 12),
(237, 12),
(240, 12),
(242, 12),
(243, 12),
(244, 12),
(245, 12),
(246, 12),
(247, 12),
(248, 12),
(249, 12),
(251, 12),
(252, 12),
(254, 12),
(256, 12),
(257, 12),
(258, 12),
(259, 12),
(260, 12),
(262, 12),
(263, 12),
(264, 12),
(265, 12),
(266, 12),
(267, 12),
(268, 12),
(269, 12),
(270, 12),
(271, 12),
(91, 13),
(216, 13),
(272, 13),
(273, 13),
(274, 13),
(275, 13),
(276, 13),
(277, 13),
(278, 13),
(279, 13),
(280, 13),
(281, 13),
(282, 13),
(283, 13),
(284, 13),
(285, 13),
(286, 13),
(287, 13),
(288, 13),
(289, 13),
(291, 13),
(292, 13),
(293, 13),
(294, 13),
(295, 13),
(296, 13),
(297, 13),
(298, 13),
(299, 13),
(300, 13),
(301, 13),
(302, 13),
(303, 13),
(304, 14),
(305, 14),
(309, 14),
(310, 15),
(311, 15),
(312, 15),
(313, 15),
(314, 15),
(315, 15),
(317, 15),
(319, 15),
(320, 15),
(321, 15),
(322, 15),
(323, 16),
(324, 16),
(325, 16),
(326, 16),
(327, 16),
(328, 16),
(329, 16),
(330, 16),
(331, 16),
(332, 16),
(333, 16),
(334, 16),
(335, 16),
(336, 16),
(838, 16),
(839, 16),
(840, 16),
(841, 16),
(842, 16),
(843, 16),
(844, 16),
(845, 16),
(846, 16),
(847, 16),
(848, 16),
(849, 16),
(850, 16),
(851, 16),
(852, 16),
(853, 16),
(854, 16),
(855, 16),
(857, 16),
(858, 16),
(249, 16),
(338, 17),
(339, 17),
(340, 17),
(341, 17),
(342, 17),
(343, 17),
(344, 17),
(345, 17),
(346, 17),
(347, 17),
(349, 17),
(350, 17),
(351, 17),
(352, 17),
(353, 17),
(354, 17),
(355, 17),
(356, 17),
(357, 17),
(358, 17),
(359, 17),
(298, 17),
(360, 18),
(361, 18),
(362, 18),
(363, 18),
(364, 18),
(365, 18),
(366, 18),
(367, 18),
(368, 18),
(369, 18),
(370, 18),
(371, 18),
(372, 18),
(373, 18),
(374, 19),
(375, 19),
(378, 19),
(380, 19),
(381, 19),
(382, 19),
(383, 19),
(384, 19),
(385, 19),
(386, 19),
(387, 19),
(388, 19),
(389, 19),
(390, 19),
(391, 19),
(392, 19),
(393, 19),
(394, 19),
(395, 19),
(221, 19),
(258, 19),
(313, 19),
(398, 20),
(399, 20),
(400, 20),
(401, 20),
(402, 20),
(403, 20),
(404, 20),
(405, 20),
(406, 20),
(408, 20),
(409, 20),
(410, 20),
(411, 20),
(412, 20),
(414, 20),
(415, 20),
(416, 20),
(417, 20),
(419, 20),
(420, 20),
(421, 20),
(423, 20),
(424, 20),
(426, 20),
(427, 20),
(428, 20),
(429, 20),
(430, 20),
(431, 20),
(432, 20),
(433, 20),
(434, 20),
(435, 20),
(436, 20),
(437, 20),
(438, 20),
(84, 20),
(91, 20),
(226, 20),
(351, 20),
(439, 21),
(440, 21),
(441, 21),
(442, 21),
(443, 21),
(444, 21),
(445, 21),
(446, 21),
(447, 21),
(448, 21),
(449, 21),
(450, 21),
(451, 21),
(452, 21),
(453, 21),
(454, 21),
(455, 21),
(456, 21),
(457, 21),
(458, 21),
(459, 21),
(460, 21),
(461, 21),
(462, 21),
(464, 21),
(465, 21),
(466, 21),
(467, 21),
(468, 21),
(469, 21),
(470, 21),
(472, 21),
(473, 21),
(474, 21),
(103, 21),
(112, 21),
(186, 21),
(475, 22),
(476, 22),
(477, 22),
(478, 22),
(479, 22),
(480, 22),
(481, 22),
(482, 22),
(483, 22),
(484, 22),
(485, 22),
(486, 22),
(488, 22),
(489, 22),
(492, 22),
(493, 22),
(494, 22),
(496, 22),
(497, 22),
(498, 22),
(499, 22),
(500, 22),
(501, 22),
(502, 22),
(503, 22),
(504, 22),
(91, 22),
(209, 22),
(291, 22),
(507, 23),
(508, 23),
(509, 23),
(511, 23),
(512, 23),
(513, 23),
(515, 23),
(516, 23),
(518, 23),
(519, 23),
(520, 23),
(521, 23),
(523, 23),
(524, 23),
(525, 23),
(526, 23),
(527, 23),
(528, 23),
(529, 23),
(530, 23),
(112, 23),
(252, 23),
(262, 23),
(455, 23),
(457, 23),
(496, 23),
(503, 23),
(532, 32),
(533, 32),
(534, 32),
(535, 32),
(536, 32),
(537, 32),
(538, 32),
(539, 32),
(540, 32),
(541, 32),
(542, 32),
(544, 32),
(545, 32),
(546, 32),
(16, 32),
(85, 32),
(141, 32),
(209, 32),
(446, 32),
(547, 31),
(548, 31),
(549, 31),
(550, 31),
(551, 31),
(552, 31),
(553, 31),
(554, 31),
(555, 31),
(556, 31),
(557, 31),
(558, 31),
(559, 31),
(560, 31),
(561, 31),
(563, 31),
(564, 31),
(565, 31),
(566, 31),
(567, 31),
(568, 31),
(570, 31),
(571, 31),
(572, 31),
(573, 31),
(574, 31),
(575, 31),
(576, 31),
(577, 31),
(578, 31),
(579, 31),
(582, 31),
(583, 31),
(584, 31),
(585, 31),
(586, 31),
(587, 31),
(588, 31),
(589, 31),
(590, 31),
(591, 31),
(45, 31),
(58, 31),
(68, 31),
(465, 31),
(536, 31),
(541, 31),
(592, 30),
(593, 30),
(594, 30),
(595, 30),
(596, 30),
(597, 30),
(598, 30),
(599, 30),
(600, 30),
(601, 30),
(602, 30),
(603, 30),
(604, 30),
(605, 30),
(606, 30),
(607, 30),
(608, 30),
(609, 30),
(610, 30),
(611, 30),
(612, 30),
(613, 30),
(614, 30),
(615, 30),
(616, 30),
(617, 30),
(618, 30),
(619, 30),
(620, 30),
(621, 30),
(622, 30),
(624, 30),
(626, 30),
(628, 30),
(629, 30),
(12, 30),
(336, 30),
(532, 30),
(554, 30),
(630, 29),
(631, 29),
(632, 29),
(633, 29),
(634, 29),
(635, 29),
(636, 29),
(637, 29),
(638, 29),
(639, 29),
(640, 29),
(641, 29),
(642, 29),
(643, 29),
(644, 29),
(645, 29),
(646, 29),
(647, 29),
(648, 29),
(649, 29),
(650, 29),
(651, 29),
(653, 29),
(654, 29),
(655, 29),
(656, 29),
(657, 29),
(658, 29),
(659, 29),
(660, 29),
(661, 29),
(662, 29),
(663, 29),
(664, 29),
(665, 29),
(666, 29),
(667, 29),
(668, 29),
(670, 29),
(671, 29),
(672, 29),
(265, 29),
(526, 29),
(575, 29),
(674, 28),
(676, 28),
(677, 28),
(678, 28),
(679, 28),
(680, 28),
(681, 28),
(684, 28),
(685, 28),
(686, 28),
(687, 28),
(688, 28),
(689, 28),
(690, 28),
(691, 28),
(362, 28),
(692, 27),
(693, 27),
(694, 27),
(695, 27),
(696, 27),
(697, 27),
(698, 27),
(700, 27),
(701, 27),
(703, 27),
(704, 27),
(705, 27),
(706, 27),
(707, 27),
(708, 27),
(709, 27),
(710, 27),
(711, 27),
(712, 27),
(713, 27),
(715, 27),
(716, 27),
(717, 27),
(718, 27),
(719, 27),
(721, 27),
(722, 27),
(723, 27),
(724, 27),
(725, 27),
(660, 27),
(726, 26),
(727, 26),
(728, 26),
(729, 26),
(730, 26),
(731, 26),
(732, 26),
(733, 26),
(734, 26),
(735, 26),
(736, 26),
(737, 26),
(738, 26),
(739, 26),
(740, 26),
(741, 26),
(742, 26),
(745, 26),
(746, 26),
(747, 26),
(748, 26),
(749, 26),
(750, 26),
(751, 26),
(752, 26),
(754, 26),
(757, 26),
(758, 26),
(759, 26),
(760, 26),
(761, 26),
(762, 26),
(763, 26),
(764, 26),
(765, 26),
(766, 26),
(64, 26),
(117, 26),
(584, 26),
(636, 26),
(768, 25),
(769, 25),
(770, 25),
(771, 25),
(772, 25),
(773, 25),
(774, 25),
(775, 25),
(776, 25),
(777, 25),
(779, 25),
(780, 25),
(781, 25),
(782, 25),
(783, 25),
(784, 25),
(785, 25),
(786, 25),
(787, 25),
(789, 25),
(790, 25),
(791, 25),
(792, 25),
(793, 25),
(794, 25),
(795, 25),
(797, 25),
(798, 25),
(799, 25),
(800, 25),
(801, 25),
(802, 25),
(803, 25),
(804, 25),
(806, 25),
(807, 25),
(808, 25),
(809, 25),
(810, 25),
(811, 25),
(813, 25),
(815, 25),
(816, 25),
(174, 25),
(410, 25),
(508, 25),
(515, 25),
(641, 25),
(860, 25),
(818, 24),
(819, 24),
(820, 24),
(821, 24),
(822, 24),
(823, 24),
(824, 24),
(825, 24),
(826, 24),
(827, 24),
(828, 24),
(829, 24),
(830, 24),
(831, 24),
(832, 24),
(833, 24),
(193, 24),
(371, 24),
(774, 24),
(835, 2),
(40, 15),
(40, 2),
(46, 2),
(22, 1),
(21, 1),
(4, 1),
(52, 2),
(51, 2),
(47, 2),
(55, 3),
(56, 3),
(82, 4),
(1, 1),
(20, 1),
(20, 5),
(95, 7),
(163, 8),
(201, 11),
(203, 11),
(212, 11),
(222, 11),
(224, 11),
(238, 12),
(239, 12),
(250, 12),
(261, 12),
(307, 14),
(316, 15),
(63, 3),
(63, 15),
(318, 15),
(255, 12),
(255, 16),
(861, 12),
(861, 31),
(337, 16),
(348, 17),
(859, 17),
(376, 19),
(377, 19),
(396, 19),
(397, 19),
(407, 20),
(413, 20),
(418, 20),
(425, 20),
(422, 20),
(115, 7),
(106, 7),
(106, 11),
(106, 20),
(106, 21),
(463, 21),
(471, 21),
(495, 22),
(505, 22),
(506, 23),
(510, 23),
(514, 23),
(517, 23),
(522, 23),
(114, 11),
(114, 23),
(114, 21),
(114, 7),
(110, 7),
(110, 11),
(110, 21),
(110, 23),
(796, 25),
(805, 25),
(812, 25),
(814, 25),
(817, 25),
(778, 25),
(788, 25),
(743, 26),
(744, 26),
(543, 32),
(543, 26),
(753, 26),
(755, 26),
(756, 26),
(862, 26),
(702, 27),
(699, 27),
(714, 27),
(720, 27),
(673, 28),
(675, 28),
(682, 28),
(683, 28),
(652, 29),
(669, 29),
(623, 30),
(625, 30),
(627, 30),
(569, 31),
(580, 31),
(581, 31),
(562, 31),
(531, 32),
(11527, 33),
(11528, 33),
(11529, 33),
(11530, 33),
(11531, 33),
(11532, 33),
(11533, 33),
(9139, 33),
(9138, 33),
(11534, 33),
(11535, 33),
(9145, 33),
(11536, 33),
(11537, 33);

-- --------------------------------------------------------

--
-- Table structure for table `dvd_genres`
--

CREATE TABLE `dvd_genres` (
  `dvd_id` bigint(20) NOT NULL,
  `genres_id` bigint(20) NOT NULL
) ENGINE=InnoDB DEFAULT CHARSET=latin1;

--
-- Dumping data for table `dvd_genres`
--

INSERT INTO `dvd_genres` (`dvd_id`, `genres_id`) VALUES
(2, 4),
(3, 1),
(3, 2),
(3, 16),
(834, 4),
(834, 6),
(834, 15),
(4, 6),
(4, 11),
(5, 10),
(5, 14),
(6, 3),
(6, 6),
(6, 18),
(7, 14),
(7, 13),
(7, 5),
(8, 6),
(8, 15),
(9, 5),
(9, 6),
(9, 13),
(10, 4),
(11, 5),
(11, 14),
(12, 1),
(12, 13),
(12, 14),
(13, 6),
(14, 4),
(15, 6),
(16, 4),
(16, 6),
(16, 15),
(17, 1),
(17, 2),
(17, 8),
(18, 6),
(18, 14),
(19, 6),
(19, 15),
(20, 4),
(20, 6),
(20, 15),
(21, 6),
(22, 5),
(22, 6),
(22, 14),
(23, 2),
(23, 6),
(23, 7),
(24, 6),
(24, 9),
(24, 14),
(25, 4),
(25, 6),
(26, 5),
(26, 6),
(26, 14),
(27, 10),
(27, 13),
(27, 14),
(28, 6),
(29, 1),
(29, 5),
(29, 6),
(30, 4),
(30, 6),
(30, 13),
(31, 13),
(31, 14),
(32, 5),
(32, 6),
(32, 8),
(33, 4),
(34, 3),
(34, 5),
(34, 6),
(35, 4),
(35, 6),
(35, 11),
(36, 11),
(36, 6),
(36, 4),
(37, 4),
(37, 6),
(37, 15),
(38, 1),
(38, 5),
(38, 6),
(39, 3),
(39, 6),
(39, 15),
(835, 4),
(835, 15),
(836, 1),
(836, 4),
(836, 5),
(837, 4),
(837, 6),
(837, 15),
(40, 1),
(40, 2),
(40, 4),
(41, 4),
(41, 6),
(42, 6),
(43, 1),
(43, 16),
(44, 1),
(44, 16),
(45, 1),
(45, 6),
(45, 14),
(46, 5),
(46, 6),
(46, 13),
(47, 2),
(47, 4),
(47, 7),
(48, 1),
(48, 2),
(48, 6),
(49, 4),
(49, 6),
(49, 15),
(50, 5),
(50, 14),
(50, 6),
(51, 6),
(51, 13),
(51, 15),
(52, 8),
(52, 10),
(53, 5),
(53, 14),
(54, 2),
(54, 6),
(54, 14),
(55, 4),
(55, 15),
(56, 3),
(56, 6),
(57, 6),
(58, 5),
(58, 13),
(58, 14),
(60, 1),
(60, 5),
(60, 8),
(61, 10),
(61, 13),
(61, 14),
(62, 1),
(62, 2),
(62, 14),
(63, 6),
(63, 15),
(64, 1),
(64, 5),
(64, 14),
(65, 2),
(65, 4),
(65, 6),
(66, 1),
(66, 2),
(66, 14),
(67, 4),
(67, 6),
(67, 15),
(68, 1),
(68, 14),
(69, 3),
(69, 4),
(69, 6),
(70, 6),
(70, 18),
(71, 4),
(71, 6),
(72, 5),
(72, 6),
(72, 13),
(73, 3),
(73, 5),
(73, 6),
(74, 5),
(74, 6),
(75, 4),
(75, 6),
(76, 5),
(76, 6),
(76, 13),
(77, 6),
(78, 2),
(78, 6),
(78, 15),
(79, 4),
(79, 8),
(80, 6),
(80, 18),
(81, 3),
(81, 5),
(81, 6),
(82, 6),
(83, 5),
(83, 6),
(83, 15),
(84, 5),
(84, 6),
(84, 13),
(85, 6),
(86, 6),
(87, 6),
(87, 15),
(88, 4),
(88, 6),
(88, 15),
(89, 5),
(89, 6),
(90, 6),
(90, 14),
(91, 1),
(91, 5),
(91, 6),
(92, 4),
(93, 5),
(93, 6),
(93, 14),
(94, 4),
(94, 13),
(95, 1),
(95, 2),
(95, 7),
(96, 6),
(96, 19),
(97, 2),
(97, 6),
(97, 16),
(98, 4),
(98, 6),
(99, 6),
(100, 5),
(100, 6),
(100, 14),
(101, 4),
(101, 19),
(102, 6),
(102, 15),
(103, 4),
(103, 6),
(104, 4),
(104, 6),
(104, 15),
(105, 5),
(105, 6),
(105, 14),
(106, 5),
(106, 14),
(107, 6),
(107, 13),
(107, 14),
(108, 6),
(108, 14),
(109, 3),
(109, 6),
(109, 9),
(110, 5),
(110, 14),
(111, 5),
(111, 4),
(111, 15),
(112, 3),
(112, 4),
(112, 5),
(113, 6),
(113, 13),
(113, 15),
(114, 5),
(114, 14),
(116, 1),
(116, 2),
(116, 4),
(117, 6),
(117, 19),
(118, 5),
(118, 6),
(118, 15),
(119, 1),
(119, 14),
(120, 4),
(120, 6),
(120, 15),
(121, 1),
(121, 5),
(121, 10),
(122, 6),
(123, 1),
(123, 5),
(123, 6),
(124, 6),
(125, 6),
(125, 18),
(126, 1),
(126, 6),
(126, 14),
(127, 1),
(127, 6),
(127, 14),
(128, 1),
(128, 2),
(128, 8),
(129, 10),
(129, 14),
(130, 4),
(130, 6),
(131, 5),
(131, 6),
(131, 14),
(132, 1),
(132, 2),
(132, 6),
(133, 4),
(133, 6),
(133, 15),
(134, 4),
(134, 6),
(135, 6),
(135, 15),
(135, 20),
(136, 6),
(136, 8),
(136, 13),
(137, 1),
(137, 4),
(137, 5),
(138, 6),
(138, 9),
(138, 14),
(139, 4),
(139, 6),
(139, 18),
(140, 6),
(140, 15),
(140, 18),
(141, 6),
(141, 15),
(142, 1),
(142, 2),
(142, 6),
(143, 4),
(143, 6),
(143, 15),
(144, 1),
(144, 2),
(144, 16),
(145, 6),
(146, 2),
(146, 3),
(146, 5),
(147, 5),
(147, 6),
(147, 14),
(148, 1),
(148, 6),
(148, 11),
(149, 6),
(149, 9),
(149, 14),
(150, 1),
(150, 2),
(150, 6),
(151, 2),
(151, 6),
(151, 20),
(152, 1),
(152, 5),
(152, 6),
(153, 6),
(153, 7),
(153, 8),
(154, 5),
(154, 6),
(155, 4),
(155, 15),
(155, 18),
(156, 1),
(156, 5),
(156, 6),
(157, 5),
(157, 6),
(157, 14),
(158, 5),
(158, 10),
(159, 6),
(159, 18),
(160, 1),
(160, 5),
(160, 6),
(161, 4),
(161, 6),
(162, 6),
(163, 6),
(164, 6),
(164, 15),
(165, 6),
(166, 1),
(166, 2),
(166, 14),
(167, 1),
(167, 2),
(167, 16),
(168, 1),
(168, 2),
(168, 13),
(169, 1),
(169, 5),
(169, 13),
(170, 1),
(170, 2),
(170, 13),
(171, 1),
(171, 2),
(171, 14),
(172, 1),
(172, 4),
(172, 15),
(173, 6),
(173, 9),
(173, 14),
(174, 6),
(174, 14),
(174, 19),
(175, 1),
(175, 2),
(175, 14),
(176, 2),
(176, 16),
(176, 14),
(177, 5),
(177, 6),
(177, 14),
(178, 1),
(178, 6),
(178, 9),
(179, 1),
(179, 13),
(179, 16),
(180, 8),
(180, 13),
(180, 15),
(181, 1),
(181, 2),
(181, 14),
(182, 6),
(183, 6),
(183, 13),
(183, 14),
(184, 4),
(184, 6),
(184, 15),
(185, 1),
(185, 2),
(185, 14),
(186, 6),
(186, 8),
(186, 10),
(187, 6),
(187, 13),
(187, 14),
(188, 6),
(188, 14),
(189, 2),
(189, 6),
(189, 15),
(190, 1),
(190, 6),
(190, 18),
(191, 3),
(191, 6),
(191, 19),
(192, 6),
(193, 4),
(193, 6),
(193, 15),
(194, 6),
(194, 18),
(195, 1),
(195, 6),
(195, 15),
(196, 2),
(196, 8),
(196, 15),
(197, 6),
(197, 15),
(197, 18),
(198, 4),
(198, 5),
(198, 6),
(199, 5),
(199, 6),
(200, 6),
(201, 6),
(201, 15),
(202, 3),
(202, 5),
(202, 6),
(203, 4),
(204, 4),
(204, 15),
(205, 1),
(205, 6),
(205, 14),
(206, 6),
(206, 9),
(206, 19),
(207, 1),
(207, 6),
(207, 19),
(208, 4),
(208, 6),
(208, 15),
(209, 4),
(209, 6),
(209, 15),
(210, 1),
(210, 5),
(210, 6),
(211, 5),
(211, 6),
(211, 14),
(212, 1),
(212, 5),
(212, 6),
(213, 6),
(213, 15),
(214, 3),
(214, 6),
(215, 6),
(216, 5),
(216, 6),
(216, 13),
(217, 6),
(217, 15),
(218, 5),
(218, 6),
(218, 13),
(219, 4),
(219, 15),
(220, 1),
(220, 5),
(220, 6),
(221, 5),
(221, 6),
(222, 5),
(222, 6),
(223, 6),
(223, 15),
(224, 5),
(224, 6),
(224, 13),
(225, 5),
(225, 6),
(225, 13),
(226, 5),
(226, 6),
(227, 6),
(227, 14),
(228, 5),
(228, 6),
(228, 14),
(229, 1),
(229, 5),
(229, 14),
(230, 1),
(230, 5),
(230, 14),
(231, 6),
(232, 4),
(232, 6),
(233, 6),
(234, 4),
(234, 15),
(235, 6),
(235, 14),
(236, 1),
(236, 5),
(236, 6),
(237, 2),
(237, 3),
(237, 6),
(238, 6),
(238, 7),
(239, 5),
(239, 6),
(239, 14),
(240, 6),
(240, 15),
(241, 3),
(241, 6),
(241, 11),
(242, 2),
(242, 4),
(242, 6),
(243, 5),
(243, 6),
(243, 13),
(244, 4),
(244, 6),
(245, 6),
(246, 4),
(246, 6),
(246, 15),
(247, 4),
(247, 5),
(247, 12),
(248, 6),
(248, 14),
(249, 6),
(249, 10),
(249, 13),
(250, 4),
(250, 6),
(250, 15),
(251, 6),
(251, 15),
(252, 4),
(252, 15),
(254, 5),
(254, 6),
(254, 14),
(255, 5),
(255, 6),
(255, 13),
(256, 1),
(256, 2),
(256, 15),
(257, 6),
(257, 15),
(258, 6),
(258, 15),
(259, 6),
(259, 13),
(259, 15),
(260, 6),
(260, 14),
(261, 6),
(262, 4),
(262, 15),
(263, 1),
(263, 5),
(263, 6),
(264, 5),
(264, 6),
(264, 15),
(265, 6),
(266, 5),
(266, 6),
(266, 11),
(267, 1),
(267, 6),
(267, 15),
(268, 6),
(268, 15),
(269, 5),
(269, 6),
(269, 13),
(270, 6),
(270, 19),
(271, 6),
(271, 15),
(272, 1),
(272, 2),
(272, 13),
(273, 2),
(273, 16),
(273, 14),
(274, 4),
(274, 15),
(275, 6),
(275, 7),
(276, 6),
(276, 11),
(277, 2),
(277, 13),
(277, 16),
(278, 1),
(278, 6),
(278, 14),
(279, 6),
(279, 7),
(280, 4),
(280, 5),
(280, 13),
(281, 4),
(281, 7),
(281, 8),
(282, 5),
(282, 6),
(283, 6),
(284, 6),
(284, 10),
(284, 14),
(285, 6),
(285, 15),
(286, 3),
(286, 6),
(286, 11),
(287, 3),
(287, 6),
(287, 15),
(288, 6),
(289, 5),
(289, 6),
(289, 13),
(290, 4),
(290, 15),
(291, 4),
(291, 6),
(291, 15),
(292, 5),
(292, 6),
(292, 13),
(293, 6),
(293, 13),
(293, 14),
(294, 4),
(294, 6),
(294, 7),
(295, 5),
(295, 6),
(295, 13),
(296, 6),
(297, 5),
(297, 6),
(298, 5),
(298, 6),
(298, 14),
(299, 3),
(299, 6),
(300, 4),
(300, 6),
(301, 6),
(301, 13),
(301, 14),
(302, 6),
(302, 15),
(303, 1),
(303, 4),
(303, 5),
(304, 21),
(305, 21),
(306, 21),
(307, 21),
(308, 3),
(309, 21),
(310, 2),
(310, 8),
(310, 13),
(311, 1),
(311, 5),
(311, 6),
(312, 6),
(312, 15),
(313, 6),
(313, 2),
(313, 4),
(314, 6),
(314, 15),
(315, 3),
(315, 6),
(315, 18),
(316, 10),
(316, 13),
(316, 14),
(317, 2),
(317, 6),
(317, 15),
(318, 1),
(318, 2),
(318, 15),
(319, 1),
(319, 6),
(319, 9),
(320, 4),
(320, 5),
(320, 14),
(321, 4),
(321, 6),
(321, 15),
(322, 2),
(322, 7),
(322, 8),
(838, 6),
(838, 13),
(839, 3),
(839, 4),
(839, 6),
(840, 4),
(840, 6),
(841, 6),
(842, 6),
(843, 3),
(843, 6),
(843, 9),
(844, 6),
(844, 13),
(844, 14),
(845, 6),
(845, 15),
(846, 4),
(846, 6),
(846, 15),
(847, 3),
(847, 5),
(847, 6),
(848, 4),
(848, 6),
(849, 5),
(849, 6),
(849, 13),
(850, 4),
(850, 6),
(850, 15),
(851, 6),
(851, 11),
(851, 15),
(852, 4),
(852, 6),
(853, 6),
(853, 10),
(853, 14),
(854, 4),
(854, 6),
(855, 3),
(855, 6),
(855, 15),
(856, 4),
(856, 6),
(856, 8),
(857, 4),
(857, 6),
(857, 15),
(858, 5),
(858, 6),
(858, 13),
(323, 5),
(323, 6),
(323, 14),
(324, 6),
(324, 5),
(325, 6),
(326, 15),
(326, 6),
(327, 6),
(328, 6),
(328, 15),
(329, 4),
(329, 6),
(330, 4),
(330, 6),
(331, 4),
(331, 6),
(331, 16),
(332, 1),
(332, 6),
(332, 5),
(333, 1),
(333, 2),
(333, 13),
(861, 1),
(861, 5),
(861, 6),
(334, 6),
(334, 4),
(335, 3),
(335, 6),
(336, 4),
(336, 15),
(337, 6),
(338, 1),
(338, 3),
(338, 6),
(339, 16),
(339, 2),
(339, 6),
(340, 3),
(340, 6),
(341, 6),
(342, 4),
(342, 6),
(343, 5),
(343, 6),
(343, 14),
(344, 4),
(344, 5),
(344, 6),
(345, 5),
(345, 6),
(345, 14),
(346, 4),
(346, 8),
(346, 15),
(347, 4),
(348, 4),
(348, 1),
(348, 2),
(349, 6),
(349, 18),
(350, 4),
(350, 15),
(351, 6),
(351, 18),
(351, 14),
(352, 1),
(352, 2),
(352, 4),
(353, 4),
(353, 15),
(354, 5),
(354, 6),
(354, 14),
(355, 4),
(355, 15),
(356, 1),
(356, 19),
(357, 4),
(357, 6),
(358, 1),
(358, 5),
(358, 6),
(359, 6),
(359, 9),
(859, 6),
(859, 13),
(859, 16),
(360, 1),
(360, 10),
(360, 16),
(361, 6),
(362, 1),
(362, 5),
(362, 6),
(363, 3),
(363, 6),
(363, 18),
(364, 4),
(364, 7),
(364, 8),
(365, 6),
(366, 5),
(366, 6),
(367, 4),
(368, 3),
(368, 6),
(368, 11),
(369, 4),
(369, 5),
(369, 6),
(370, 5),
(370, 6),
(370, 13),
(371, 4),
(371, 6),
(371, 15),
(372, 4),
(373, 3),
(373, 6),
(373, 15),
(374, 13),
(374, 14),
(375, 13),
(375, 15),
(375, 14),
(376, 6),
(377, 5),
(377, 6),
(377, 14),
(378, 6),
(378, 15),
(380, 6),
(380, 15),
(381, 5),
(381, 13),
(381, 14),
(382, 1),
(382, 4),
(382, 5),
(383, 6),
(384, 10),
(385, 6),
(385, 8),
(385, 10),
(386, 1),
(386, 14),
(387, 1),
(387, 6),
(387, 14),
(388, 6),
(388, 15),
(389, 6),
(389, 13),
(389, 14),
(390, 1),
(390, 4),
(390, 8),
(391, 4),
(391, 6),
(391, 15),
(392, 6),
(393, 1),
(393, 5),
(393, 6),
(394, 6),
(394, 15),
(394, 19),
(395, 6),
(395, 15),
(396, 6),
(397, 6),
(398, 6),
(398, 14),
(399, 4),
(399, 6),
(399, 11),
(400, 6),
(401, 4),
(401, 6),
(402, 6),
(403, 3),
(403, 6),
(404, 4),
(404, 5),
(404, 14),
(405, 4),
(406, 5),
(406, 6),
(406, 14),
(407, 3),
(407, 6),
(408, 1),
(408, 5),
(408, 6),
(409, 6),
(409, 15),
(410, 6),
(410, 8),
(410, 15),
(411, 4),
(411, 5),
(411, 15),
(412, 1),
(412, 6),
(412, 13),
(413, 4),
(413, 6),
(413, 16),
(414, 6),
(414, 13),
(414, 14),
(415, 5),
(415, 6),
(416, 6),
(416, 18),
(417, 3),
(417, 6),
(417, 14),
(418, 6),
(418, 13),
(418, 14),
(419, 3),
(419, 5),
(419, 6),
(420, 6),
(421, 6),
(422, 5),
(422, 6),
(422, 14),
(423, 6),
(424, 5),
(424, 6),
(424, 13),
(425, 4),
(425, 6),
(425, 15),
(426, 1),
(426, 4),
(426, 5),
(427, 5),
(427, 6),
(427, 13),
(428, 2),
(428, 6),
(428, 9),
(429, 5),
(429, 6),
(430, 5),
(430, 6),
(430, 13),
(431, 5),
(431, 6),
(431, 14),
(432, 6),
(432, 15),
(433, 3),
(433, 5),
(433, 6),
(434, 5),
(434, 6),
(435, 3),
(435, 5),
(435, 6),
(436, 6),
(437, 5),
(437, 6),
(438, 6),
(439, 3),
(439, 4),
(439, 6),
(440, 6),
(440, 15),
(441, 1),
(441, 6),
(441, 19),
(442, 5),
(442, 6),
(442, 14),
(443, 3),
(443, 6),
(443, 9),
(444, 1),
(444, 2),
(444, 10),
(445, 5),
(445, 14),
(446, 3),
(446, 6),
(446, 18),
(447, 6),
(447, 8),
(448, 2),
(448, 6),
(448, 19),
(449, 6),
(449, 8),
(449, 15),
(450, 3),
(450, 5),
(450, 6),
(451, 6),
(452, 1),
(452, 4),
(452, 5),
(453, 2),
(455, 4),
(455, 15),
(454, 22),
(454, 2),
(454, 4),
(456, 1),
(456, 5),
(456, 14),
(457, 2),
(457, 4),
(457, 5),
(458, 4),
(458, 5),
(459, 6),
(460, 6),
(460, 8),
(460, 15),
(461, 6),
(461, 15),
(462, 2),
(462, 3),
(462, 6),
(463, 1),
(463, 5),
(463, 6),
(464, 5),
(464, 6),
(464, 14),
(465, 13),
(465, 16),
(465, 14),
(466, 5),
(466, 6),
(466, 13),
(467, 6),
(467, 15),
(467, 19),
(468, 5),
(468, 6),
(468, 15),
(469, 5),
(469, 6),
(469, 14),
(470, 6),
(471, 2),
(471, 5),
(471, 6),
(472, 6),
(472, 18),
(473, 6),
(473, 5),
(474, 4),
(474, 5),
(474, 10),
(475, 1),
(475, 6),
(475, 20),
(476, 6),
(476, 15),
(477, 4),
(477, 6),
(478, 1),
(478, 2),
(478, 8),
(479, 1),
(479, 2),
(479, 8),
(480, 2),
(480, 4),
(480, 8),
(481, 4),
(481, 15),
(482, 6),
(482, 14),
(483, 4),
(483, 6),
(484, 6),
(484, 14),
(484, 19),
(485, 6),
(486, 3),
(486, 6),
(486, 9),
(487, 4),
(487, 7),
(487, 8),
(488, 2),
(488, 4),
(488, 6),
(489, 6),
(489, 15),
(490, 3),
(490, 6),
(490, 9),
(491, 4),
(491, 6),
(491, 15),
(492, 1),
(492, 6),
(492, 14),
(493, 4),
(493, 6),
(494, 1),
(494, 2),
(494, 8),
(495, 13),
(495, 14),
(496, 6),
(496, 15),
(497, 4),
(497, 6),
(497, 15),
(498, 2),
(498, 6),
(498, 8),
(499, 1),
(499, 2),
(499, 8),
(500, 4),
(500, 6),
(501, 1),
(501, 2),
(501, 8),
(502, 4),
(502, 16),
(503, 4),
(503, 12),
(503, 15),
(504, 4),
(504, 6),
(504, 15),
(505, 5),
(505, 6),
(505, 14),
(506, 4),
(506, 6),
(507, 3),
(507, 6),
(507, 9),
(508, 6),
(509, 4),
(509, 6),
(509, 15),
(510, 4),
(511, 6),
(511, 15),
(512, 4),
(512, 5),
(512, 15),
(513, 6),
(514, 3),
(514, 4),
(514, 6),
(515, 2),
(515, 22),
(515, 4),
(516, 6),
(517, 4),
(517, 15),
(518, 3),
(518, 6),
(519, 4),
(519, 6),
(519, 15),
(520, 4),
(520, 6),
(521, 1),
(521, 13),
(521, 14),
(522, 4),
(522, 6),
(522, 15),
(523, 3),
(523, 6),
(523, 14),
(524, 4),
(524, 6),
(524, 15),
(525, 1),
(525, 4),
(525, 15),
(526, 5),
(526, 6),
(526, 13),
(527, 6),
(527, 14),
(528, 6),
(528, 15),
(529, 6),
(529, 10),
(529, 16),
(530, 4),
(530, 6),
(818, 4),
(819, 3),
(819, 6),
(819, 18),
(820, 6),
(820, 10),
(820, 14),
(774, 4),
(774, 15),
(774, 6),
(821, 3),
(821, 6),
(821, 11),
(822, 4),
(822, 10),
(822, 16),
(823, 6),
(824, 6),
(824, 13),
(824, 14),
(825, 6),
(825, 10),
(825, 13),
(826, 6),
(826, 10),
(826, 13),
(827, 6),
(828, 1),
(828, 10),
(828, 16),
(829, 1),
(829, 2),
(829, 15),
(830, 6),
(830, 14),
(831, 6),
(831, 15),
(832, 10),
(833, 1),
(833, 6),
(833, 7),
(768, 3),
(768, 4),
(768, 6),
(769, 3),
(769, 6),
(769, 9),
(770, 4),
(770, 6),
(770, 11),
(771, 2),
(771, 4),
(771, 6),
(772, 6),
(772, 15),
(772, 16),
(773, 6),
(773, 20),
(775, 4),
(776, 4),
(777, 3),
(777, 6),
(778, 4),
(778, 6),
(778, 15),
(779, 3),
(779, 6),
(779, 15),
(780, 6),
(780, 13),
(781, 4),
(781, 7),
(781, 12),
(782, 6),
(782, 14),
(783, 6),
(783, 15),
(784, 6),
(785, 4),
(785, 6),
(786, 4),
(786, 6),
(786, 11),
(787, 4),
(787, 6),
(787, 15),
(788, 2),
(788, 4),
(788, 7),
(641, 6),
(641, 13),
(641, 16),
(789, 6),
(789, 15),
(790, 4),
(790, 6),
(791, 2),
(791, 6),
(791, 16),
(792, 6),
(792, 11),
(793, 6),
(794, 6),
(794, 15),
(795, 6),
(796, 6),
(797, 5),
(797, 6),
(797, 13),
(798, 6),
(798, 15),
(799, 1),
(799, 2),
(799, 5),
(800, 6),
(800, 15),
(801, 4),
(801, 8),
(801, 10),
(802, 4),
(802, 6),
(802, 8),
(803, 4),
(803, 6),
(804, 4),
(805, 6),
(806, 6),
(807, 4),
(807, 6),
(808, 3),
(808, 6),
(808, 15),
(809, 6),
(810, 6),
(810, 15),
(811, 3),
(811, 6),
(811, 9),
(812, 6),
(812, 15),
(813, 5),
(813, 6),
(813, 13),
(814, 6),
(814, 15),
(815, 6),
(816, 4),
(816, 6),
(816, 15),
(860, 6),
(860, 19),
(817, 6),
(817, 15),
(817, 19),
(726, 1),
(726, 5),
(726, 6),
(727, 5),
(727, 6),
(727, 14),
(728, 1),
(728, 6),
(729, 5),
(729, 6),
(729, 14),
(730, 1),
(730, 6),
(730, 14),
(731, 5),
(731, 6),
(731, 14),
(732, 1),
(732, 5),
(732, 14),
(733, 4),
(733, 7),
(636, 1),
(636, 5),
(636, 14),
(734, 4),
(734, 6),
(734, 7),
(735, 1),
(735, 2),
(735, 4),
(736, 4),
(736, 5),
(736, 11),
(737, 1),
(737, 6),
(737, 14),
(738, 6),
(739, 1),
(739, 5),
(739, 6),
(740, 1),
(740, 5),
(740, 6),
(741, 5),
(741, 13),
(741, 14),
(742, 4),
(742, 5),
(743, 2),
(743, 1),
(743, 16),
(744, 5),
(744, 6),
(744, 13),
(745, 6),
(746, 4),
(746, 6),
(747, 5),
(747, 6),
(747, 14),
(543, 6),
(543, 15),
(748, 1),
(748, 5),
(748, 16),
(749, 4),
(749, 6),
(749, 8),
(750, 6),
(750, 8),
(750, 15),
(751, 1),
(751, 5),
(751, 14),
(752, 4),
(752, 5),
(752, 14),
(753, 4),
(753, 7),
(753, 15),
(754, 1),
(754, 5),
(754, 6),
(755, 4),
(755, 7),
(755, 15),
(756, 4),
(757, 6),
(757, 15),
(758, 4),
(758, 8),
(758, 15),
(759, 6),
(759, 11),
(759, 15),
(760, 13),
(760, 14),
(761, 6),
(761, 15),
(761, 20),
(762, 4),
(763, 6),
(763, 15),
(764, 12),
(764, 15),
(765, 6),
(765, 11),
(766, 10),
(862, 10),
(692, 6),
(693, 4),
(694, 6),
(695, 6),
(696, 14),
(696, 6),
(697, 6),
(697, 15),
(698, 14),
(699, 6),
(700, 6),
(701, 6),
(702, 1),
(702, 16),
(703, 6),
(703, 15),
(704, 2),
(704, 6),
(705, 6),
(706, 6),
(707, 6),
(707, 13),
(708, 6),
(660, 1),
(660, 5),
(660, 6),
(709, 6),
(710, 6),
(711, 1),
(711, 16),
(712, 14),
(713, 1),
(713, 14),
(714, 1),
(714, 14),
(715, 6),
(716, 6),
(717, 1),
(717, 16),
(718, 6),
(719, 2),
(719, 3),
(719, 6),
(720, 14),
(721, 6),
(722, 6),
(722, 15),
(723, 6),
(724, 1),
(724, 5),
(724, 14),
(725, 6),
(725, 15),
(673, 1),
(673, 5),
(673, 14),
(674, 1),
(674, 5),
(674, 16),
(675, 1),
(675, 4),
(675, 5),
(676, 1),
(676, 5),
(676, 14),
(677, 6),
(677, 14),
(678, 1),
(678, 5),
(678, 14),
(679, 1),
(679, 5),
(679, 14),
(680, 1),
(680, 5),
(680, 14),
(681, 1),
(681, 5),
(681, 14),
(682, 6),
(682, 13),
(682, 14),
(683, 1),
(683, 5),
(683, 14),
(684, 6),
(684, 9),
(684, 19),
(685, 2),
(685, 6),
(685, 7),
(686, 1),
(686, 2),
(686, 5),
(687, 1),
(687, 2),
(687, 16),
(688, 1),
(688, 5),
(688, 14),
(689, 13),
(689, 14),
(690, 1),
(690, 5),
(690, 14),
(691, 1),
(691, 5),
(691, 6),
(630, 1),
(630, 5),
(630, 14),
(631, 1),
(631, 4),
(631, 5),
(632, 6),
(632, 14),
(633, 1),
(633, 5),
(633, 13),
(634, 1),
(634, 14),
(635, 1),
(635, 2),
(635, 6),
(637, 3),
(637, 6),
(637, 15),
(638, 3),
(638, 5),
(638, 6),
(639, 1),
(639, 16),
(639, 14),
(640, 5),
(640, 6),
(640, 13),
(642, 1),
(642, 5),
(642, 6),
(643, 5),
(643, 6),
(643, 13),
(644, 3),
(644, 6),
(645, 5),
(645, 6),
(645, 14),
(646, 5),
(646, 6),
(646, 14),
(647, 3),
(647, 6),
(647, 18),
(648, 3),
(648, 6),
(648, 18),
(649, 5),
(649, 6),
(649, 13),
(575, 1),
(575, 14),
(650, 6),
(650, 18),
(651, 1),
(651, 5),
(651, 6),
(652, 4),
(652, 6),
(652, 8),
(653, 1),
(653, 6),
(653, 13),
(654, 5),
(654, 6),
(654, 13),
(655, 1),
(655, 5),
(655, 16),
(656, 1),
(656, 6),
(656, 14),
(657, 6),
(658, 4),
(658, 6),
(658, 15),
(659, 3),
(659, 6),
(659, 9),
(661, 6),
(661, 15),
(662, 6),
(662, 11),
(662, 15),
(663, 4),
(663, 6),
(664, 3),
(664, 6),
(664, 9),
(665, 1),
(665, 5),
(665, 6),
(666, 5),
(666, 6),
(666, 14),
(667, 3),
(667, 6),
(667, 9),
(668, 3),
(668, 6),
(669, 5),
(669, 6),
(669, 13),
(670, 6),
(671, 4),
(672, 6),
(592, 1),
(592, 5),
(592, 6),
(593, 4),
(593, 10),
(593, 15),
(554, 1),
(554, 14),
(594, 6),
(594, 10),
(594, 13),
(595, 10),
(532, 6),
(596, 2),
(596, 4),
(596, 16),
(597, 4),
(598, 4),
(598, 7),
(598, 15),
(599, 4),
(599, 5),
(600, 3),
(600, 6),
(600, 15),
(601, 2),
(601, 1),
(601, 8),
(602, 5),
(602, 6),
(602, 13),
(603, 4),
(604, 4),
(604, 15),
(605, 6),
(606, 3),
(606, 5),
(606, 6),
(607, 4),
(607, 6),
(608, 6),
(608, 15),
(609, 6),
(609, 13),
(609, 14),
(610, 4),
(610, 6),
(611, 2),
(611, 4),
(611, 6),
(612, 6),
(613, 4),
(613, 5),
(613, 15),
(614, 4),
(614, 6),
(614, 15),
(615, 4),
(615, 16),
(616, 6),
(617, 1),
(617, 10),
(617, 16),
(618, 5),
(618, 6),
(618, 13),
(619, 4),
(619, 6),
(620, 6),
(620, 13),
(620, 14),
(621, 10),
(621, 16),
(622, 2),
(622, 3),
(622, 6),
(623, 1),
(623, 4),
(623, 8),
(624, 4),
(624, 6),
(624, 15),
(625, 3),
(625, 6),
(626, 1),
(626, 2),
(626, 16),
(627, 1),
(627, 2),
(627, 4),
(628, 5),
(628, 6),
(628, 13),
(629, 10),
(629, 16),
(547, 1),
(547, 14),
(548, 1),
(548, 4),
(548, 5),
(549, 1),
(549, 14),
(550, 1),
(550, 5),
(550, 6),
(551, 1),
(551, 5),
(551, 6),
(552, 4),
(552, 6),
(552, 15),
(553, 2),
(553, 4),
(553, 6),
(555, 1),
(555, 5),
(555, 6),
(556, 1),
(556, 5),
(556, 6),
(557, 1),
(557, 4),
(557, 5),
(558, 1),
(558, 2),
(558, 14),
(559, 1),
(559, 4),
(559, 5),
(560, 1),
(560, 16),
(560, 14),
(536, 4),
(536, 6),
(561, 1),
(561, 4),
(561, 10),
(562, 1),
(562, 2),
(562, 14),
(563, 1),
(563, 5),
(563, 6),
(564, 5),
(564, 6),
(564, 13),
(565, 3),
(565, 5),
(565, 6),
(566, 5),
(566, 14),
(567, 1),
(567, 5),
(567, 6),
(568, 4),
(568, 5),
(568, 14),
(569, 6),
(569, 19),
(570, 4),
(570, 5),
(570, 6),
(541, 6),
(541, 13),
(541, 16),
(571, 4),
(571, 7),
(571, 8),
(572, 4),
(572, 6),
(572, 15),
(573, 6),
(573, 13),
(573, 14),
(574, 4),
(576, 1),
(576, 2),
(576, 16),
(577, 1),
(577, 5),
(577, 6),
(578, 1),
(578, 2),
(578, 16),
(579, 1),
(579, 5),
(579, 6),
(580, 1),
(580, 2),
(580, 14),
(581, 4),
(581, 6),
(582, 13),
(582, 15),
(582, 14),
(583, 2),
(583, 4),
(583, 6),
(584, 5),
(584, 6),
(585, 1),
(585, 5),
(585, 13),
(586, 1),
(586, 2),
(586, 4),
(587, 13),
(587, 14),
(588, 4),
(588, 6),
(588, 15),
(589, 1),
(589, 14),
(590, 1),
(590, 14),
(591, 4),
(591, 15),
(531, 6),
(531, 15),
(533, 5),
(533, 6),
(533, 13),
(534, 5),
(534, 6),
(534, 9),
(535, 5),
(535, 6),
(535, 13),
(537, 6),
(537, 15),
(538, 6),
(539, 1),
(539, 6),
(539, 14),
(540, 5),
(540, 6),
(540, 13),
(542, 4),
(542, 6),
(544, 6),
(544, 14),
(545, 4),
(545, 6),
(545, 15),
(546, 1),
(546, 5),
(546, 6),
(11527, 6),
(11527, 13),
(11528, 6),
(11529, 6),
(11529, 13),
(11529, 16),
(11530, 5),
(11530, 6),
(11530, 9),
(11531, 6),
(11532, 6),
(11533, 6),
(11533, 15),
(9139, 6),
(9139, 15),
(9138, 6),
(9138, 14),
(11534, 6),
(11535, 5),
(9145, 3),
(9145, 7),
(9145, 18),
(11536, 6),
(11537, 1),
(11537, 5),
(11537, 10);

-- --------------------------------------------------------

--
-- Table structure for table `file_import`
--

CREATE TABLE `file_import` (
  `id` bigint(20) NOT NULL,
  `blob_csv` longtext
) ENGINE=InnoDB DEFAULT CHARSET=latin1;

-- --------------------------------------------------------

--
-- Table structure for table `genre`
--

CREATE TABLE `genre` (
  `id` bigint(20) NOT NULL,
  `genre_name` varchar(255) DEFAULT NULL
) ENGINE=InnoDB DEFAULT CHARSET=latin1;

--
-- Dumping data for table `genre`
--

INSERT INTO `genre` (`id`, `genre_name`) VALUES
(1, 'Action'),
(2, 'Adventure'),
(3, 'Biography'),
(4, 'Comedy'),
(5, 'Crime'),
(6, 'Drama'),
(7, 'Family'),
(8, 'Fantasy'),
(9, 'History'),
(10, 'Horror'),
(11, 'Music'),
(12, 'Musical'),
(13, 'Mystery'),
(14, 'Thriller'),
(15, 'Romance'),
(16, 'Sci-Fi'),
(17, 'Short'),
(18, 'Sport'),
(19, 'War'),
(20, 'Western'),
(21, 'Documentary'),
(22, 'Animation');

--
-- Indexes for dumped tables
--

--
-- Indexes for table `actor`
--
ALTER TABLE `actor`
  ADD PRIMARY KEY (`id`);

--
-- Indexes for table `dvd`
--
ALTER TABLE `dvd`
  ADD PRIMARY KEY (`id`),
  ADD UNIQUE KEY `UK_ledc510bx03rbjl99nsfo3cjg` (`title`);

--
-- Indexes for table `dvd_actors`
--
ALTER TABLE `dvd_actors`
  ADD KEY `FK2yo7m47947ppsdllylf5khvs1` (`actors_id`),
  ADD KEY `FK95xbbg7u34q8i8vlrq1rgmwec` (`dvd_id`);

--
-- Indexes for table `dvd_genres`
--
ALTER TABLE `dvd_genres`
  ADD KEY `FK51fjxghi23iovircv5dppmxp4` (`genres_id`),
  ADD KEY `FK8sxa583q993twy6q615u093e3` (`dvd_id`);

--
-- Indexes for table `file_import`
--
ALTER TABLE `file_import`
  ADD PRIMARY KEY (`id`);

--
-- Indexes for table `genre`
--
ALTER TABLE `genre`
  ADD PRIMARY KEY (`id`);

--
-- AUTO_INCREMENT for dumped tables
--

--
-- AUTO_INCREMENT for table `actor`
--
ALTER TABLE `actor`
  MODIFY `id` bigint(20) NOT NULL AUTO_INCREMENT, AUTO_INCREMENT=34;
--
-- AUTO_INCREMENT for table `dvd`
--
ALTER TABLE `dvd`
  MODIFY `id` bigint(20) NOT NULL AUTO_INCREMENT, AUTO_INCREMENT=11545;
--
-- AUTO_INCREMENT for table `file_import`
--
ALTER TABLE `file_import`
  MODIFY `id` bigint(20) NOT NULL AUTO_INCREMENT;
--
-- AUTO_INCREMENT for table `genre`
--
ALTER TABLE `genre`
  MODIFY `id` bigint(20) NOT NULL AUTO_INCREMENT, AUTO_INCREMENT=23;
--
-- Constraints for dumped tables
--

--
-- Constraints for table `dvd_actors`
--
ALTER TABLE `dvd_actors`
  ADD CONSTRAINT `FK2yo7m47947ppsdllylf5khvs1` FOREIGN KEY (`actors_id`) REFERENCES `actor` (`id`),
  ADD CONSTRAINT `FK95xbbg7u34q8i8vlrq1rgmwec` FOREIGN KEY (`dvd_id`) REFERENCES `dvd` (`id`);

--
-- Constraints for table `dvd_genres`
--
ALTER TABLE `dvd_genres`
  ADD CONSTRAINT `FK51fjxghi23iovircv5dppmxp4` FOREIGN KEY (`genres_id`) REFERENCES `genre` (`id`),
  ADD CONSTRAINT `FK8sxa583q993twy6q615u093e3` FOREIGN KEY (`dvd_id`) REFERENCES `dvd` (`id`);

/*!40101 SET CHARACTER_SET_CLIENT=@OLD_CHARACTER_SET_CLIENT */;
/*!40101 SET CHARACTER_SET_RESULTS=@OLD_CHARACTER_SET_RESULTS */;
/*!40101 SET COLLATION_CONNECTION=@OLD_COLLATION_CONNECTION */;
